"20853","tue","episode/daily/comic","마음의소리","조석","http://thumb.comic.naver.net/webtoon/20853/thumbnail/thumbnail_title_20853_83x90.gif","미완결","채널링 작품"
"679519","mon/thu","episode/daily/comic","대학일기","자까","http://thumb.comic.naver.net/webtoon/679519/thumbnail/title_thumbnail_20160601180804_t83x90.jpg","미완결","컷툰"
"651673","wed/sat","episode/daily/comic","유미의 세포들","이동건","http://thumb.comic.naver.net/webtoon/651673/thumbnail/title_thumbnail_20151225223121_t83x90.jpg","미완결","컷툰"
"651664","fri","episode/drama/sensibility","밥 먹고 갈래요?","오묘","http://thumb.comic.naver.net/webtoon/651664/thumbnail/title_thumbnail_20150326153630_t83x90.jpg","미완결","컷툰"
"680911","완결","episode/comic","무한도전 릴레이툰","무한도전&웹툰작가","http://thumb.comic.naver.net/webtoon/680911/thumbnail/title_thumbnail_20160617193044_t83x90.jpg","완결","일반"
"650304","tue","episode/fantasy/pure/sensibility","슈퍼 시크릿","이온","http://thumb.comic.naver.net/webtoon/650304/thumbnail/title_thumbnail_20150323144620_t83x90.jpg","미완결","일반"
"682637","tue/sat","episode/daily/comic","놓지마 정신줄 시즌2","신태훈 / 나승훈","http://thumb.comic.naver.net/webtoon/682637/thumbnail/title_thumbnail_20160729190602_t83x90.jpg","미완결","컷툰"
"686911","tue/sat","episode/comic","공감.jpg","임총","http://thumb.comic.naver.net/webtoon/686911/thumbnail/title_thumbnail_20161017191626_t83x90.jpg","미완결","일반"
"642598","wed/sun","episode/comic/historical","조선왕조실톡","무적핑크","http://thumb.comic.naver.net/webtoon/642598/thumbnail/title_thumbnail_20160117000448_t83x90.jpg","미완결","일반"
"687610","wed/fri","episode/daily","잡다한컷","그림왕양치기","http://thumb.comic.naver.net/webtoon/687610/thumbnail/title_thumbnail_20161103230036_t83x90.jpg","미완결","컷툰"
"616239","tue/sat","episode/daily/comic","윌유메리미","마인드C","http://thumb.comic.naver.net/webtoon/616239/thumbnail/title_thumbnail_20161031214436_t83x90.jpg","미완결","일반"
"686312","tue","episode/daily/drama","열정호구","솔뱅이","http://thumb.comic.naver.net/webtoon/686312/thumbnail/title_thumbnail_20161010182406_t83x90.jpg","미완결","일반"
"689701","wed","episode/drama","이기자, 그린","김8","http://thumb.comic.naver.net/webtoon/689701/thumbnail/title_thumbnail_20161220144250_t83x90.jpg","미완결","일반"
"675554","mon/tue/wed/thu/fri","episode/daily/comic","가우스전자 시즌3","곽백수","http://thumb.comic.naver.net/webtoon/675554/thumbnail/title_thumbnail_20160303181701_t83x90.jpg","미완결","일반"
"671421","wed","episode/comic","언덕 위의 제임스","쿠당탕","http://thumb.comic.naver.net/webtoon/671421/thumbnail/title_thumbnail_20160115181358_t83x90.jpg","미완결","일반"
"686018","sun","episode/daily","오늘도 핸드메이드!","소영","http://thumb.comic.naver.net/webtoon/686018/thumbnail/title_thumbnail_20160922135728_t83x90.jpg","미완결","컷툰"
"675556","완결","episode/daily/comic","2016 학교 다녀오겠습니다","웹툰작가","http://thumb.comic.naver.net/webtoon/675556/thumbnail/title_thumbnail_20160307225408_t83x90.jpg","완결","컷툰"
"687137","sat","episode/drama/sensibility","구름의 이동속도","김이랑","http://thumb.comic.naver.net/webtoon/687137/thumbnail/title_thumbnail_20161018172728_t83x90.jpg","미완결","일반"
"81482","완결","episode/daily/comic","놓지마 정신줄","신태훈 / 나승훈","http://thumb.comic.naver.net/webtoon/81482/thumbnail/title_thumbnail_20131025191135_t83x90.jpg","완결","일반"
"675559","mon","episode/daily/sensibility","부부생활","써니사이드업","http://thumb.comic.naver.net/webtoon/675559/thumbnail/title_thumbnail_20160304120749_t83x90.jpg","미완결","컷툰"
"670151","sat","episode/daily/comic","갸오오와 사랑꾼들","갸오오","http://thumb.comic.naver.net/webtoon/670151/thumbnail/title_thumbnail_20160808182525_t83x90.jpg","미완결","일반"
"659934","wed/sat","episode/daily/comic/sensibility","나는 귀머거리다","라일라","http://thumb.comic.naver.net/webtoon/659934/thumbnail/title_thumbnail_20150729142305_t83x90.jpg","미완결","일반"
"654331","완결","episode/daily/comic","썸남","배철완","http://thumb.comic.naver.net/webtoon/654331/thumbnail/title_thumbnail_20150508221630_t83x90.jpg","완결","일반"
"670140","mon","episode/comic","203호 저승사자","샤니","http://thumb.comic.naver.net/webtoon/670140/thumbnail/title_thumbnail_20151230175539_t83x90.jpg","미완결","일반"
"25613","mon/sat","episode/daily/comic","생활의참견","김양수","http://thumb.comic.naver.net/webtoon/25613/thumbnail/title_thumbnail_20140103150651_t83x90.jpg","미완결","일반"
"478261","완결","episode/daily/comic","선천적 얼간이들","가스파드","http://thumb.comic.naver.net/webtoon/478261/thumbnail/title_thumbnail_20120613181650_t83x90.jpg","완결","일반"
"646358","thu","episode/comic/thrill","백귀야행지","아만(阿慢)","http://thumb.comic.naver.net/webtoon/646358/thumbnail/title_thumbnail_20150120174956_t83x90.jpg","미완결","일반"
"626906","tue/sun","episode/daily","패밀리 사이즈","남지은 / 김인호","http://thumb.comic.naver.net/webtoon/626906/thumbnail/title_thumbnail_20150810235651_t83x90.jpg","미완결","일반"
"498158","완결","episode/comic","네이버 앱피소드","웹툰작가","http://thumb.comic.naver.net/webtoon/498158/thumbnail/title_thumbnail_20120827180423_t83x90.jpg","완결","일반"
"682265","완결","episode/drama","3인칭","꼬마비 / 애마비","http://thumb.comic.naver.net/webtoon/682265/thumbnail/title_thumbnail_20160712172925_t83x90.jpg","완결","일반"
"22045","완결","episode/daily/comic","낢이사는이야기","서나래","http://thumb.comic.naver.net/webtoon/22045/thumbnail/title_thumbnail_20150218210403_t83x90.jpg","완결","일반"
"651663","완결","episode/fantasy/thrill","빨간책","랑또","http://thumb.comic.naver.net/webtoon/651663/thumbnail/title_thumbnail_20150330160324_t83x90.jpg","완결","컷툰"
"22052","완결","episode/daily/comic","트라우마","곽백수","http://thumb.comic.naver.net/webtoon/22052/thumbnail/thumbnail_title_22052_83x90.gif","완결","일반"
"551650","완결","episode/comic","오빠 왔다","모나","http://thumb.comic.naver.net/webtoon/551650/thumbnail/title_thumbnail_20130510184649_t83x90.jpg","완결","일반"
"409630","완결","episode/daily/comic","역전! 야매요리","정다정","http://thumb.comic.naver.net/webtoon/409630/thumbnail/title_thumbnail_20111205161710_t83x90.jpg","완결","일반"
"169080","wed/fri","episode/daily/sensibility","Penguin loves Mev","펭귄","http://thumb.comic.naver.net/webtoon/169080/thumbnail/title_thumbnail_20140731163812_t83x90.jpg","미완결","일반"
"640050","완결","episode/daily/drama","엄마와 딸 x2","필냉이","http://thumb.comic.naver.net/webtoon/640050/thumbnail/title_thumbnail_20141104165449_t83x90.jpg","완결","일반"
"15441","완결","episode/daily/comic","골방환상곡","워니 / 심윤수","http://thumb.comic.naver.net/webtoon/15441/thumbnail/thumbnail_title_15441_83x90.gif","완결","일반"
"26316","완결","episode/daily/comic","와라! 편의점","지강민","http://thumb.comic.naver.net/webtoon/26316/thumbnail/thumbnail_title_26316_83x90.gif","완결","일반"
"639604","완결","episode/comic","여탕보고서","마일로","http://thumb.comic.naver.net/webtoon/639604/thumbnail/title_thumbnail_20141030120302_t83x90.jpg","완결","일반"
"563782","완결","episode/daily","아랫집 시누이","김진","http://thumb.comic.naver.net/webtoon/563782/thumbnail/title_thumbnail_20130607184714_t83x90.jpg","완결","일반"
"632342","완결","episode/daily","오늘 밤은 어둠이 무서워요","김진","http://thumb.comic.naver.net/webtoon/632342/thumbnail/title_thumbnail_20140921225747_t83x90.jpg","완결","일반"
"690594","thu","episode/comic/drama","우리집에 곰이 이사왔다","켄타","http://thumb.comic.naver.net/webtoon/690594/thumbnail/title_thumbnail_20170103224105_t83x90.jpg","미완결","일반"
"15938","완결","episode/daily/comic","와탕카","우주인","http://thumb.comic.naver.net/webtoon/15938/thumbnail/thumbnail_title_15938_83x90.gif","완결","일반"
"652466","완결","episode/sports","조석축구만화","조석","http://thumb.comic.naver.net/webtoon/652466/thumbnail/title_thumbnail_20150407114500_t83x90.jpg","완결","컷툰"
"25517","완결","episode/daily/comic","식스센스","릴레이연재","http://thumb.comic.naver.net/webtoon/25517/thumbnail/thumbnail_title_25517_83x90.gif","완결","일반"
"316914","완결","episode/daily/comic","혈액형에 관한 간단한 고찰","박동선","http://thumb.comic.naver.net/webtoon/316914/thumbnail/title_thumbnail_20110401184237_t83x90.jpg","완결","일반"
"113121","완결","episode/sensibility","겨울동화","심윤수","http://thumb.comic.naver.net/webtoon/113121/thumbnail/title_thumbnail_20091224164002_t83x90.jpg","완결","일반"
"70046","완결","episode/comic","실질객관동화","무적핑크","http://thumb.comic.naver.net/webtoon/70046/thumbnail/title_thumbnail_20090605171412_t83x90.jpg","완결","일반"
"663887","완결","episode/comic","아이돌 연구소","해마 / 연제원","http://thumb.comic.naver.net/webtoon/663887/thumbnail/title_thumbnail_20151005201200_t83x90.jpg","완결","컷툰"
"26101","완결","episode/daily/comic","와탕카2","우주인","http://thumb.comic.naver.net/webtoon/26101/thumbnail/thumbnail_title_26101_83x90.gif","완결","일반"
"55169","완결","episode/daily/comic","나이스진타임","김진","http://thumb.comic.naver.net/webtoon/55169/thumbnail/title_thumbnail_20091106193634_t83x90.jpg","완결","일반"
"609477","완결","episode/comic","소년들은 무엇을 하고 있을까","컷부","http://thumb.comic.naver.net/webtoon/609477/thumbnail/title_thumbnail_20140120102230_t83x90.jpg","완결","일반"
"665174","완결","episode/comic/fantasy","만렙소녀 오오라","김규삼","http://thumb.comic.naver.net/webtoon/665174/thumbnail/title_thumbnail_20151013204539_t83x90.jpg","완결","컷툰"
"26144","완결","episode/daily/comic","취업의소리","조석,워니","http://thumb.comic.naver.net/webtoon/26144/thumbnail/thumbnail_title_26144_83x90.gif","완결","일반"
"646359","완결","episode/comic","밥풀때기","Dylan / D..","http://thumb.comic.naver.net/webtoon/646359/thumbnail/title_thumbnail_20150120175324_t83x90.jpg","완결","일반"
"52946","완결","episode/daily/comic","스쿨홀릭","신의철","http://thumb.comic.naver.net/webtoon/52946/thumbnail/title_thumbnail_20110930124525_t83x90.jpg","완결","일반"
"55143","완결","episode/daily/sensibility","일상날개짓","나유진","http://thumb.comic.naver.net/webtoon/55143/thumbnail/title_thumbnail_20120329122039_t83x90.jpg","완결","일반"
"599232","완결","episode/comic","실질객관영화","무적핑크","http://thumb.comic.naver.net/webtoon/599232/thumbnail/title_thumbnail_20131108182621_t83x90.jpg","완결","일반"
"50422","완결","episode","개편 축하 릴레이 카툰","네이버웹툰작가","http://thumb.comic.naver.net/webtoon/50422/thumbnail/title_thumbnail_20081030133244_t83x90.gif","완결","일반"
"651670","완결","episode/daily/drama","낢 부럽지 않은 신혼여행기","서나래","http://thumb.comic.naver.net/webtoon/651670/thumbnail/title_thumbnail_20150406192153_t83x90.jpg","완결","컷툰"
"92106","완결","episode/daily/comic","와라편의점 the animation","와라패밀리","http://thumb.comic.naver.net/webtoon/92106/thumbnail/title_thumbnail_20091105231539_t83x90.jpg","완결","일반"
"617882","완결","episode","모던패밀리 2","외눈박이 / 시현","http://thumb.comic.naver.net/webtoon/617882/thumbnail/title_thumbnail_20140314152812_t83x90.jpg","완결","스마트툰"
"316912","완결","episode/daily/sensibility","내 어린고양이와 늙은개","초","http://thumb.comic.naver.net/webtoon/316912/thumbnail/title_thumbnail_20110404174155_t83x90.jpg","완결","일반"
"395444","완결","episode/fantasy","이현세, 이두호의 지옥캠프 단편선","웹툰작가","http://thumb.comic.naver.net/webtoon/395444/thumbnail/title_thumbnail_20111014161835_t83x90.jpg","완결","일반"
"150389","완결","episode/daily/sensibility","스마일브러시","와루","http://thumb.comic.naver.net/webtoon/150389/thumbnail/title_thumbnail_20100610110221_t83x90.jpg","완결","일반"
"604147","완결","episode/daily/comic/drama/pure/sensibility/thrill","터치! 메리크리스마스","웹툰작가","http://thumb.comic.naver.net/webtoon/604147/thumbnail/title_thumbnail_20131217181504_t83x90.jpg","완결","스마트툰"
"22073","완결","episode/comic","까뱅","X-TEAM","http://thumb.comic.naver.net/webtoon/22073/thumbnail/thumbnail_title_22073_83x90.gif","완결","일반"
"24777","완결","episode/daily","구석구석캠페인","네이버 웹툰 작가","http://thumb.comic.naver.net/webtoon/24777/thumbnail/thumbnail_title_24777_83x90.gif","완결","일반"
"61731","완결","episode/daily/comic","판다독","판다독","http://thumb.comic.naver.net/webtoon/61731/thumbnail/title_thumbnail_20160425002734_t83x90.jpg","완결","일반"
"387518","완결","episode/daily/comic","달콤한 인생","이동건","http://thumb.comic.naver.net/webtoon/387518/thumbnail/title_thumbnail_20120309181013_t83x90.jpg","완결","일반"
"400738","완결","episode/daily/comic","부토","정현주","http://thumb.comic.naver.net/webtoon/400738/thumbnail/title_thumbnail_20111128185258_t83x90.jpg","완결","일반"
"183558","완결","episode/daily/sensibility","스마일 브러시, 오래된 사진.","와루","http://thumb.comic.naver.net/webtoon/183558/thumbnail/title_thumbnail_20100630150811_t83x90.jpg","완결","일반"
"471283","완결","episode/daily","모두에게 완자가","완자","http://thumb.comic.naver.net/webtoon/471283/thumbnail/title_thumbnail_20140219203311_t83x90.JPG","완결","일반"
"546750","완결","episode/comic","내일은 웹툰","신의철","http://thumb.comic.naver.net/webtoon/546750/thumbnail/title_thumbnail_20130702144026_t83x90.jpg","완결","일반"
"680193","완결","episode/drama","한국만화거장전 : 만화보물섬","한국만화가협회","http://thumb.comic.naver.net/webtoon/680193/thumbnail/title_thumbnail_20160613232638_t83x90.jpg","완결","일반"
"78805","완결","episode/comic","판타스틱 어른백서","이동욱","http://thumb.comic.naver.net/webtoon/78805/thumbnail/title_thumbnail_20090814185217_t83x90.jpg","완결","일반"
"403631","완결","episode/daily/comic","스마트폰 게임 개발 이야기","유영욱","http://thumb.comic.naver.net/webtoon/403631/thumbnail/title_thumbnail_20111108155817_t83x90.jpg","완결","일반"
"616883","완결","episode/daily/drama","미쳐 날뛰는 생활툰","Song","http://thumb.comic.naver.net/webtoon/616883/thumbnail/title_thumbnail_20140313190952_t83x90.jpg","완결","일반"
"26216","완결","episode/sensibility","일편단심화","심윤수","http://thumb.comic.naver.net/webtoon/26216/thumbnail/thumbnail_title_26216_83x90.gif","완결","일반"
"608258","완결","episode/daily/drama","아프니까 병원이다","고리타","http://thumb.comic.naver.net/webtoon/608258/thumbnail/title_thumbnail_20140108164402_t83x90.jpg","완결","일반"
"312979","완결","episode/daily","힘내요 일본!-[릴레이웹툰]","웹툰작가","http://thumb.comic.naver.net/webtoon/312979/thumbnail/title_thumbnail_20110319175017_t83x90.jpg","완결","일반"
"22090","완결","episode/drama","도자기","호연","http://thumb.comic.naver.net/webtoon/22090/thumbnail/thumbnail_title_22090_83x90.gif","완결","일반"
"103391","완결","episode/sensibility","징글정글","김용진","http://thumb.comic.naver.net/webtoon/103391/thumbnail/title_thumbnail_20091125122122_t83x90.jpg","완결","일반"
"188199","완결","episode/daily/drama/sensibility","동경소녀","로보타 / 김가륜","http://thumb.comic.naver.net/webtoon/188199/thumbnail/title_thumbnail_20100720103515_t83x90.jpg","완결","일반"
"137710","완결","episode/daily/comic","피터팬날다","서랍천사","http://thumb.comic.naver.net/webtoon/137710/thumbnail/title_thumbnail_20100222121933_t83x90.jpg","완결","일반"
"332797","완결","episode/sensibility","움비처럼","권혁주","http://thumb.comic.naver.net/webtoon/332797/thumbnail/title_thumbnail_20111019102223_t83x90.jpg","완결","일반"
"409100","완결","episode","만화사랑 캠페인","웹툰작가","http://thumb.comic.naver.net/webtoon/409100/thumbnail/title_thumbnail_20111117155436_t83x90.jpg","완결","일반"
"24530","완결","episode/sports","MLB카툰","최훈","http://thumb.comic.naver.net/webtoon/24530/thumbnail/thumbnail_title_24530_83x90.gif","완결","일반"
"557672","thu","omnibus/thrill","기기괴괴","오성대","http://thumb.comic.naver.net/webtoon/557672/thumbnail/title_thumbnail_20130508182053_t83x90.jpg","미완결","일반"
"657934","완결","omnibus/daily/thrill","2015 소름","웹툰작가","http://thumb.comic.naver.net/webtoon/657934/thumbnail/title_thumbnail_20150713195457_t83x90.jpg","완결","일반"
"679569","tue","omnibus/comic/drama","차원이 다른 만화","요엔","http://thumb.comic.naver.net/webtoon/679569/thumbnail/title_thumbnail_20160606180504_t83x90.jpg","미완결","일반"
"350217","완결","omnibus/thrill","2011 미스테리 단편","웹툰작가","http://thumb.comic.naver.net/webtoon/350217/thumbnail/title_thumbnail_20110711145528_t83x90.jpg","완결","일반"
"644180","mon/tue/wed/thu/fri/sat/sun","omnibus/comic","하루 3컷","배진수","http://thumb.comic.naver.net/webtoon/644180/thumbnail/title_thumbnail_20141231175152_t83x90.jpg","미완결","일반"
"119874","tue/fri/sun","omnibus/fantasy","덴마","양영순","http://thumb.comic.naver.net/webtoon/119874/thumbnail/title_thumbnail_20150706185233_t83x90.jpg","미완결","채널링 작품"
"666516","완결","omnibus/drama/pure","2015 사이","웹툰작가","http://thumb.comic.naver.net/webtoon/666516/thumbnail/title_thumbnail_20151104200815_t83x90.jpg","완결","일반"
"624632","mon","omnibus/fantasy/action/drama","마루한 - 구현동화전","박성우","http://thumb.comic.naver.net/webtoon/624632/thumbnail/title_thumbnail_20140519170435_t83x90.jpg","미완결","일반"
"682803","완결","omnibus/thrill","2016 비명","웹툰작가","http://thumb.comic.naver.net/webtoon/682803/thumbnail/title_thumbnail_20160923203332_t83x90.jpg","완결","일반"
"682222","완결","omnibus/thrill","귀도","주동근","http://thumb.comic.naver.net/webtoon/682222/thumbnail/title_thumbnail_20160711213907_t83x90.jpg","완결","일반"
"23182","완결","omnibus/fantasy/drama","싸우자귀신아","임인스","http://thumb.comic.naver.net/webtoon/23182/thumbnail/thumbnail_title_23182_83x90.gif","완결","일반"
"243315","sun","omnibus/comic","우리들은 푸르다","문택수","http://thumb.comic.naver.net/webtoon/243315/thumbnail/title_thumbnail_20130802141333_t83x90.jpg","미완결","일반"
"670146","완결","omnibus/comic/fantasy","놓정동화","신태훈 / 나승훈","http://thumb.comic.naver.net/webtoon/670146/thumbnail/title_thumbnail_20160113171559_t83x90.jpg","완결","컷툰"
"15640","완결","omnibus/comic","입시명문사립 정글고등학교","김규삼","http://thumb.comic.naver.net/webtoon/15640/thumbnail/thumbnail_title_15640_83x90.gif","완결","일반"
"686885","sat","omnibus","지옥캠프 단편선 시즌6","웹툰작가","http://thumb.comic.naver.net/webtoon/686885/thumbnail/title_thumbnail_20161013151613_t83x90.jpg","미완결","일반"
"55150","완결","omnibus/comic/drama","남기한엘리트만들기","미티","http://thumb.comic.naver.net/webtoon/55150/thumbnail/title_thumbnail_20090903184653_t83x90.jpg","완결","일반"
"500942","완결","omnibus/drama","죽음에 관하여","시니 / 혀노","http://thumb.comic.naver.net/webtoon/500942/thumbnail/title_thumbnail_20120829113354_t83x90.jpg","완결","일반"
"656469","완결","omnibus/daily","천적","꼬마비 / 재수","http://thumb.comic.naver.net/webtoon/656469/thumbnail/title_thumbnail_20151126162452_t83x90.jpg","완결","스마트툰"
"666673","완결","omnibus","지옥캠프 단편선 시즌5","웹툰작가","http://thumb.comic.naver.net/webtoon/666673/thumbnail/title_thumbnail_20151113152136_t83x90.jpg","완결","일반"
"655749","완결","omnibus/drama/sensibility/thrill","닥터 프로스트 시즌3","이종범","http://thumb.comic.naver.net/webtoon/655749/thumbnail/title_thumbnail_20150602210024_t83x90.jpg","완결","일반"
"668102","완결","omnibus/thrill","소곤소곤","옛사람","http://thumb.comic.naver.net/webtoon/668102/thumbnail/title_thumbnail_20151204192452_t83x90.jpg","완결","일반"
"574303","완결","omnibus/thrill/historical","2013 전설의고향","웹툰작가","http://thumb.comic.naver.net/webtoon/574303/thumbnail/title_thumbnail_20130722194519_t83x90.jpg","완결","스마트툰"
"677753","fri","omnibus/comic","킬러 김빵빵","김레옹","http://thumb.comic.naver.net/webtoon/677753/thumbnail/title_thumbnail_20160412185136_t83x90.jpg","미완결","일반"
"103759","완결","omnibus/comic","이말년씨리즈","이말년","http://thumb.comic.naver.net/webtoon/103759/thumbnail/title_thumbnail_20091130121313_t83x90.jpg","완결","일반"
"667010","완결","omnibus/drama/sensibility","오민혁 단편선","오민혁","http://thumb.comic.naver.net/webtoon/667010/thumbnail/title_thumbnail_20151112210440_t83x90.jpg","완결","일반"
"651675","완결","omnibus/daily/sensibility","우바우","잇선","http://thumb.comic.naver.net/webtoon/651675/thumbnail/title_thumbnail_20150410221752_t83x90.jpg","완결","컷툰"
"21815","mon","omnibus/fantasy","히어로메이커","빤쓰","http://thumb.comic.naver.net/webtoon/21815/thumbnail/thumbnail_title_21815_83x90.gif","미완결","채널링 작품"
"163295","완결","omnibus/thrill","공부하기 좋은 날","황준호","http://thumb.comic.naver.net/webtoon/163295/thumbnail/title_thumbnail_20100726115420_t83x90.jpg","완결","일반"
"15395","완결","omnibus/daily/comic","바나나걸","김진태","http://thumb.comic.naver.net/webtoon/15395/thumbnail/thumbnail_title_15395_83x90.gif","완결","일반"
"72498","완결","omnibus/daily/comic","나는 어디에 있는 거니","서나래","http://thumb.comic.naver.net/webtoon/72498/thumbnail/title_thumbnail_20090629120604_t83x90.jpg","완결","일반"
"148975","완결","omnibus/daily/comic","낢에게와요","서나래","http://thumb.comic.naver.net/webtoon/148975/thumbnail/title_thumbnail_20100329113546_t83x90.jpg","완결","일반"
"490549","완결","omnibus/fantasy/drama","2012 지구가 멸망한다면?","웹툰작가","http://thumb.comic.naver.net/webtoon/490549/thumbnail/title_thumbnail_20120802150734_t83x90.jpg","완결","일반"
"500945","완결","omnibus/daily","한 살이라도 어릴 때","김진, 서나래, ..","http://thumb.comic.naver.net/webtoon/500945/thumbnail/title_thumbnail_20120828171422_t83x90.jpg","완결","일반"
"22897","sun","omnibus/comic/drama","호랭총각","강호진","http://thumb.comic.naver.net/webtoon/22897/thumbnail/thumbnail_title_22897_83x90.gif","미완결","일반"
"68684","완결","omnibus/drama","핑크레이디 클래식","연우, 서나","http://thumb.comic.naver.net/webtoon/68684/thumbnail/title_thumbnail_20090522165831_t83x90.jpg","완결","일반"
"112933","완결","omnibus/drama","색으로 말하다","요한 / 김혜진","http://thumb.comic.naver.net/webtoon/112933/thumbnail/title_thumbnail_20100104170522_t83x90.jpg","완결","일반"
"73352","완결","omnibus/thrill","연","구아바","http://thumb.comic.naver.net/webtoon/73352/thumbnail/title_thumbnail_20090706141626_t83x90.jpg","완결","일반"
"499334","완결","omnibus/drama","지옥캠프 단편선 시즌2","웹툰작가","http://thumb.comic.naver.net/webtoon/499334/thumbnail/title_thumbnail_20121005151500_t83x90.jpg","완결","일반"
"460687","완결","omnibus/drama","아이들의 권 선생님","호우","http://thumb.comic.naver.net/webtoon/460687/thumbnail/title_thumbnail_20120420102123_t83x90.jpg","완결","일반"
"15568","완결","omnibus/thrill","수사9단","김선권","http://thumb.comic.naver.net/webtoon/15568/thumbnail/thumbnail_title_15568_83x90.gif","완결","일반"
"293523","완결","omnibus/drama","닥터 프로스트","이종범","http://thumb.comic.naver.net/webtoon/293523/thumbnail/title_thumbnail_20130208225105_t83x90.jpg","완결","일반"
"55120","완결","omnibus/daily/comic","내가 결혼할 때까지","노란구미","http://thumb.comic.naver.net/webtoon/55120/thumbnail/title_thumbnail_20081231104018_t83x90.jpg","완결","일반"
"631780","완결","omnibus","2014 네이버 웹툰, 왓 이프?","웹툰작가","http://thumb.comic.naver.net/webtoon/631780/thumbnail/title_thumbnail_20140731173525_t83x90.jpg","완결","스마트툰"
"63454","완결","omnibus/drama","구름의 노래","호랑","http://thumb.comic.naver.net/webtoon/63454/thumbnail/title_thumbnail_20090402144124_t83x90.jpg","완결","일반"
"186814","완결","omnibus/comic","심부름센터 K","김선권","http://thumb.comic.naver.net/webtoon/186814/thumbnail/title_thumbnail_20100707155113_t83x90.jpg","완결","일반"
"112931","완결","omnibus/fantasy","아스란영웅전","박성용","http://thumb.comic.naver.net/webtoon/112931/thumbnail/title_thumbnail_20100713114823_t83x90.jpg","완결","일반"
"644117","완결","omnibus/fantasy/action/drama","2015 우주특집 단편","웹툰작가","http://thumb.comic.naver.net/webtoon/644117/thumbnail/title_thumbnail_20141229181821_t83x90.jpg","완결","스마트툰"
"51007","완결","omnibus/comic","리얼주주","손태규","http://thumb.comic.naver.net/webtoon/51007/thumbnail/title_thumbnail_20091106183958_t83x90.jpg","완결","일반"
"26074","완결","omnibus/daily/pure","카라멜마끼아또","김명현","http://thumb.comic.naver.net/webtoon/26074/thumbnail/thumbnail_title_26074_83x90.gif","완결","일반"
"597593","완결","omnibus/drama","지옥캠프 단편선 시즌3","웹툰작가","http://thumb.comic.naver.net/webtoon/597593/thumbnail/title_thumbnail_20131101182852_t83x90.jpg","완결","일반"
"69113","완결","omnibus","고(故)노무현 前대통령 추모웹툰","웹툰작가","http://thumb.comic.naver.net/webtoon/69113/thumbnail/title_thumbnail_20090525191615_t83x90.jpg","완결","일반"
"507637","완결","omnibus/thrill","금요일","배진수","http://thumb.comic.naver.net/webtoon/507637/thumbnail/title_thumbnail_20140412115508_t83x90.jpg","완결","일반"
"25897","완결","omnibus/comic","내일은 럭키곰스타","김풍","http://thumb.comic.naver.net/webtoon/25897/thumbnail/thumbnail_title_25897_83x90.gif","완결","일반"
"507275","완결","omnibus/fantasy/drama","네로의 실험실","외눈박이 / 시현","http://thumb.comic.naver.net/webtoon/507275/thumbnail/title_thumbnail_20120926184307_t83x90.jpg","완결","일반"
"15439","완결","omnibus/pure","사랑in","전세훈","http://thumb.comic.naver.net/webtoon/15439/thumbnail/thumbnail_title_15439_83x90.gif","완결","일반"
"635187","완결","omnibus","지옥캠프 단편선 시즌4","웹툰작가","http://thumb.comic.naver.net/webtoon/635187/thumbnail/title_thumbnail_20140904110712_t83x90.jpg","완결","일반"
"409628","완결","omnibus/fantasy","S라인","꼬마비/앙마비","http://thumb.comic.naver.net/webtoon/409628/thumbnail/title_thumbnail_20111201191957_t83x90.jpg","완결","일반"
"66913","완결","omnibus/drama","사노라면","네이버 웹툰 작가","http://thumb.comic.naver.net/webtoon/66913/thumbnail/title_thumbnail_20090601114253_t83x90.jpg","완결","일반"
"22027","완결","omnibus/comic/historical","삼국전투기","최훈","http://thumb.comic.naver.net/webtoon/22027/thumbnail/thumbnail_title_22027_83x90.gif","완결","일반"
"15569","완결","omnibus/fantasy","타투","노지현","http://thumb.comic.naver.net/webtoon/15569/thumbnail/thumbnail_title_15569_83x90.gif","완결","일반"
"26114","완결","omnibus/daily/comic","탐구생활3","메가쇼킹","http://thumb.comic.naver.net/webtoon/26114/thumbnail/thumbnail_title_26114_83x90.gif","완결","일반"
"142910","완결","omnibus/daily/comic","탐구생활4-그대와 함께 하이킹","메가쑈킹","http://thumb.comic.naver.net/webtoon/142910/thumbnail/title_thumbnail_20100304103724_t83x90.jpg","완결","일반"
"164320","완결","omnibus/sports","자율공상축구탐구만화","조석","http://thumb.comic.naver.net/webtoon/164320/thumbnail/title_thumbnail_20100517170156_t83x90.jpg","완결","일반"
"301382","완결","omnibus/drama","웨스트우드 비브라토","윤인완 / 김선희","http://thumb.comic.naver.net/webtoon/301382/thumbnail/title_thumbnail_20110217182307_t83x90.jpg","완결","일반"
"89097","완결","omnibus/drama","고고루키루","한경찰","http://thumb.comic.naver.net/webtoon/89097/thumbnail/title_thumbnail_20121204160438_t83x90.jpg","완결","일반"
"546622","완결","omnibus/fantasy","레인보우 로즈","김예린 / 장유라","http://thumb.comic.naver.net/webtoon/546622/thumbnail/title_thumbnail_20130409163411_t83x90.jpg","완결","일반"
"590252","완결","omnibus","한국만화거장전","한국만화가협회","http://thumb.comic.naver.net/webtoon/590252/thumbnail/title_thumbnail_20130930175540_t83x90.jpg","완결","일반"
"690502","tue/wed/fri/sun","omnibus/daily/comic/drama","2017 사이다를 부탁해!","웹툰작가","http://thumb.comic.naver.net/webtoon/690502/thumbnail/thumbnail_IMAG10_75ae3cff-ce92-4177-8940-f0885690470f.jpg","미완결","일반"
"113535","완결","omnibus/pure","블라인드","단테 / 김홍선","http://thumb.comic.naver.net/webtoon/113535/thumbnail/title_thumbnail_20091230114144_t83x90.jpg","완결","일반"
"528785","완결","omnibus/drama","차차차","한나","http://thumb.comic.naver.net/webtoon/528785/thumbnail/title_thumbnail_20130109155516_t83x90.jpg","완결","일반"
"170785","완결","omnibus/daily/comic","국가의 탄생","고리타","http://thumb.comic.naver.net/webtoon/170785/thumbnail/title_thumbnail_20100602095151_t83x90.jpg","완결","일반"
"132459","완결","omnibus","고(故)길창덕화백 추모웹툰","웹툰작가","http://thumb.comic.naver.net/webtoon/132459/thumbnail/title_thumbnail_20100205135229_t83x90.jpg","완결","일반"
"641253","fri","story/fantasy/drama","외모지상주의","박태준","http://thumb.comic.naver.net/webtoon/641253/thumbnail/title_thumbnail_20141120112141_t83x90.jpg","미완결","일반"
"570503","thu","story/comic/drama","연애혁명","232","http://thumb.comic.naver.net/webtoon/570503/thumbnail/title_thumbnail_20140402213528_t83x90.jpg","미완결","일반"
"597447","sat","story/drama","프리드로우","전선욱","http://thumb.comic.naver.net/webtoon/597447/thumbnail/title_thumbnail_20131102162055_t83x90.jpg","미완결","일반"
"626907","wed","story/drama","복학왕","기안84","http://thumb.comic.naver.net/webtoon/626907/thumbnail/title_thumbnail_20150407141027_t83x90.jpg","미완결","일반"
"677536","sat","story/comic/pure","내 ID는 강남미인!","기맹기","http://thumb.comic.naver.net/webtoon/677536/thumbnail/title_thumbnail_20161223191029_t83x90.jpg","미완결","일반"
"675393","fri","story/fantasy/drama","한번 더 해요","미티 / 구구","http://thumb.comic.naver.net/webtoon/675393/thumbnail/title_thumbnail_20160303164424_t83x90.jpg","미완결","일반"
"667573","wed","story/daily/drama/pure","연놈","상하","http://thumb.comic.naver.net/webtoon/667573/thumbnail/title_thumbnail_20151120112903_t83x90.jpg","미완결","일반"
"318995","fri","story/action","갓 오브 하이스쿨","박용제","http://thumb.comic.naver.net/webtoon/318995/thumbnail/title_thumbnail_20110407182655_t83x90.jpg","미완결","채널링 작품"
"25455","tue","story/fantasy","노블레스","손제호 / 이광수","http://thumb.comic.naver.net/webtoon/25455/thumbnail/title_thumbnail_20100614120245_t83x90.jpg","미완결","일반"
"654809","sun","story/drama/pure/sensibility","스피릿 핑거스","한경찰","http://thumb.comic.naver.net/webtoon/654809/thumbnail/title_thumbnail_20150806141807_t83x90.jpg","미완결","일반"
"183559","mon","story/fantasy","신의 탑","SIU","http://thumb.comic.naver.net/webtoon/183559/thumbnail/title_thumbnail_20160516123017_t83x90.jpg","미완결","채널링 작품"
"674209","sun","story/comic/drama","스퍼맨","하일권","http://thumb.comic.naver.net/webtoon/674209/thumbnail/title_thumbnail_20160219121353_t83x90.jpg","미완결","일반"
"648419","mon","story/drama","뷰티풀 군바리","설이 / 윤성원","http://thumb.comic.naver.net/webtoon/648419/thumbnail/title_thumbnail_20150210172139_t83x90.jpg","미완결","일반"
"662774","wed","story/fantasy/action","고수","류기운 / 문정후","http://thumb.comic.naver.net/webtoon/662774/thumbnail/title_thumbnail_20151002175819_t83x90.jpg","미완결","일반"
"675331","tue","story/fantasy/action/drama/thrill","하이브3","김규삼","http://thumb.comic.naver.net/webtoon/675331/thumbnail/title_thumbnail_20160229184941_t83x90.jpg","미완결","일반"
"602910","mon","story/drama/sports","윈드브레이커","조용석","http://thumb.comic.naver.net/webtoon/602910/thumbnail/title_thumbnail_20161021174859_t83x90.jpg","미완결","일반"
"679567","sat","story/fantasy/drama","금수저","HD3","http://thumb.comic.naver.net/webtoon/679567/thumbnail/title_thumbnail_20160610142303_t83x90.jpg","미완결","일반"
"654774","mon","story/daily/drama/pure","소녀의 세계","모랑지","http://thumb.comic.naver.net/webtoon/654774/thumbnail/title_thumbnail_20150515115956_t83x90.jpg","미완결","일반"
"642700","sat","story/drama","공복의 저녁식사","김계란","http://thumb.comic.naver.net/webtoon/642700/thumbnail/title_thumbnail_20141219235553_t83x90.jpg","미완결","일반"
"684435","sun","story/comic/fantasy","구구까까","혜니","http://thumb.comic.naver.net/webtoon/684435/thumbnail/title_thumbnail_20160820210349_t83x90.jpg","미완결","일반"
"670139","sat","story/action","부활남","채용택 / 김재한","http://thumb.comic.naver.net/webtoon/670139/thumbnail/title_thumbnail_20160805231945_t83x90.jpg","미완결","일반"
"597478","mon","story/comic/drama","평범한 8반","영파카","http://thumb.comic.naver.net/webtoon/597478/thumbnail/title_thumbnail_20160812122730_t83x90.jpg","미완결","일반"
"650305","sat","story/fantasy/action/historical","호랑이형님","이상규","http://thumb.comic.naver.net/webtoon/650305/thumbnail/title_thumbnail_20161209212128_t83x90.jpg","미완결","일반"
"670150","sat","story/fantasy/action/drama","나노리스트","민송아","http://thumb.comic.naver.net/webtoon/670150/thumbnail/title_thumbnail_20160122200146_t83x90.jpg","미완결","일반"
"655744","tue","story/fantasy/pure","오!주예수여","아현","http://thumb.comic.naver.net/webtoon/655744/thumbnail/title_thumbnail_20150601184016_t83x90.jpg","미완결","일반"
"670143","wed","story/action","헬퍼 2 : 킬베로스","삭","http://thumb.comic.naver.net/webtoon/670143/thumbnail/title_thumbnail_20160108202909_t83x90.jpg","미완결","일반"
"657522","완결","story/thrill","악의는 없다","환쟁이","http://thumb.comic.naver.net/webtoon/657522/thumbnail/title_thumbnail_20150625185249_t83x90.jpg","완결","일반"
"677740","tue","story/pure","투명한 동거","정서","http://thumb.comic.naver.net/webtoon/677740/thumbnail/title_thumbnail_20160418160211_t83x90.jpg","미완결","일반"
"677737","sat","story/action","대가리","정종택","http://thumb.comic.naver.net/webtoon/677737/thumbnail/title_thumbnail_20160415184239_t83x90.jpg","미완결","일반"
"570506","thu","story/action/drama","최강전설 강해효","최병열","http://thumb.comic.naver.net/webtoon/570506/thumbnail/title_thumbnail_20130710192300_t83x90.jpg","미완결","일반"
"683496","tue","story/fantasy/action","신도림","오세형","http://thumb.comic.naver.net/webtoon/683496/thumbnail/title_thumbnail_20160805110206_t83x90.jpg","미완결","일반"
"689705","tue","story/drama/pure","완벽한 허니문","화류동풍 / 옛사람","http://thumb.comic.naver.net/webtoon/689705/thumbnail/title_thumbnail_20161212185807_t83x90.jpg","미완결","일반"
"119877","완결","story/fantasy/drama","신과함께","주호민","http://thumb.comic.naver.net/webtoon/119877/thumbnail/title_thumbnail_20110106142551_t83x90.jpg","완결","일반"
"597481","thu","story/drama","찌질의 역사","김풍 / 심윤수","http://thumb.comic.naver.net/webtoon/597481/thumbnail/title_thumbnail_20160803222246_t83x90.jpg","미완결","일반"
"666671","sun","story/thrill","컨트롤제트","미티","http://thumb.comic.naver.net/webtoon/666671/thumbnail/title_thumbnail_20151113184646_t83x90.jpg","미완결","일반"
"679570","sat","story/drama/pure/thrill","귀각시","세정","http://thumb.comic.naver.net/webtoon/679570/thumbnail/title_thumbnail_20160617142441_t83x90.jpg","미완결","일반"
"670152","sun","story/fantasy/action","열렙전사","김세훈","http://thumb.comic.naver.net/webtoon/670152/thumbnail/title_thumbnail_20160122210643_t83x90.jpg","미완결","일반"
"668101","fri","story/drama","결계녀","김태경","http://thumb.comic.naver.net/webtoon/668101/thumbnail/title_thumbnail_20151203204442_t83x90.jpg","미완결","일반"
"662162","thu","story/drama/pure","치즈인더트랩 4부","순끼","http://thumb.comic.naver.net/webtoon/662162/thumbnail/title_thumbnail_20150831144336_t83x90.jpg","미완결","일반"
"679544","thu","story/comic/fantasy","문유","조석","http://thumb.comic.naver.net/webtoon/679544/thumbnail/title_thumbnail_20160602180035_t83x90.jpg","미완결","일반"
"557676","sun","story/fantasy","다이스(DICE)","윤현석","http://thumb.comic.naver.net/webtoon/557676/thumbnail/title_thumbnail_20140913231654_t83x90.jpg","미완결","일반"
"679568","mon","story/fantasy/action","마이너스의 손","김뎐","http://thumb.comic.naver.net/webtoon/679568/thumbnail/title_thumbnail_20160729221220_t83x90.jpg","미완결","일반"
"690020","sun","story/comic","군인RPG","십박","http://thumb.comic.naver.net/webtoon/690020/thumbnail/title_thumbnail_20161216143137_t83x90.jpg","미완결","일반"
"651665","sat","story/comic/action","야부리맨","미티","http://thumb.comic.naver.net/webtoon/651665/thumbnail/title_thumbnail_20150330191228_t83x90.jpg","미완결","컷툰"
"676695","tue","story/fantasy/drama","제로게임","즐바센","http://thumb.comic.naver.net/webtoon/676695/thumbnail/title_thumbnail_20160323171611_t83x90.jpg","미완결","일반"
"678499","fri","story/comic","공대생 너무만화","최삡뺩","http://thumb.comic.naver.net/webtoon/678499/thumbnail/title_thumbnail_20160503224849_t83x90.jpg","미완결","컷툰"
"675823","sun","story/thrill","감염자","이강","http://thumb.comic.naver.net/webtoon/675823/thumbnail/title_thumbnail_20160309184041_t83x90.jpg","미완결","일반"
"650292","sun","story/comic/drama","달수 이야기","산삼","http://thumb.comic.naver.net/webtoon/650292/thumbnail/title_thumbnail_20161005180302_t83x90.jpg","미완결","일반"
"612769","sat","story/fantasy/drama/pure","언터처블","맛스타","http://thumb.comic.naver.net/webtoon/612769/thumbnail/title_thumbnail_20140212104048_t83x90.jpg","미완결","일반"
"647946","mon","story/drama/sensibility","여중생A","허5파6","http://thumb.comic.naver.net/webtoon/647946/thumbnail/title_thumbnail_20150206191155_t83x90.jpg","미완결","일반"
"651617","sun","story/daily/comic/fantasy","연애의 정령","김호드","http://thumb.comic.naver.net/webtoon/651617/thumbnail/title_thumbnail_20150325193641_t83x90.jpg","미완결","일반"
"670149","fri","story/action","테러맨","한동우 / 고진호","http://thumb.comic.naver.net/webtoon/670149/thumbnail/title_thumbnail_20160114113016_t83x90.jpg","미완결","일반"
"628997","완결","story/thrill","후레자식","김칸비 / 황영찬","http://thumb.comic.naver.net/webtoon/628997/thumbnail/title_thumbnail_20160704130213_t83x90.jpg","완결","일반"
"552960","fri","story/fantasy/action","더 게이머","성상영 / 상아","http://thumb.comic.naver.net/webtoon/552960/thumbnail/title_thumbnail_20130905153649_t83x90.jpg","미완결","일반"
"609480","완결","story/fantasy/drama/thrill","하이브","김규삼","http://thumb.comic.naver.net/webtoon/609480/thumbnail/title_thumbnail_20140120160807_t83x90.jpg","완결","스마트툰"
"660366","sun","story/comic/drama/sensibility","마스크걸","매미 / 희세","http://thumb.comic.naver.net/webtoon/660366/thumbnail/title_thumbnail_20160312222034_t83x90.jpg","미완결","일반"
"651667","완결","story/comic/action","낚시신공","귀귀","http://thumb.comic.naver.net/webtoon/651667/thumbnail/title_thumbnail_20150331154127_t83x90.jpg","완결","컷툰"
"687915","mon","story/fantasy/thrill","꿈의 기업","문지현","http://thumb.comic.naver.net/webtoon/687915/thumbnail/title_thumbnail_20161111150336_t83x90.jpg","미완결","일반"
"685460","fri","story/fantasy","골든 체인지","브림스","http://thumb.comic.naver.net/webtoon/685460/thumbnail/title_thumbnail_20161013114305_t83x90.jpg","미완결","일반"
"629056","mon","story/fantasy/pure","윈터우즈","cosmos / ..","http://thumb.comic.naver.net/webtoon/629056/thumbnail/title_thumbnail_20160219210248_t83x90.jpg","미완결","일반"
"670144","thu","story/comic/fantasy/historical","가담항설","랑또","http://thumb.comic.naver.net/webtoon/670144/thumbnail/title_thumbnail_20151230192753_t83x90.jpg","미완결","일반"
"358422","완결","story/action/drama","소녀더와일즈","HUN / 제나","http://thumb.comic.naver.net/webtoon/358422/thumbnail/title_thumbnail_20130708165713_t83x90.jpg","완결","일반"
"347686","완결","story/comic/drama","목욕의 신","하일권","http://thumb.comic.naver.net/webtoon/347686/thumbnail/title_thumbnail_20110713175738_t83x90.jpg","완결","일반"
"568986","완결","story/daily/fantasy","용이산다","초","http://thumb.comic.naver.net/webtoon/568986/thumbnail/title_thumbnail_20140814181537_t83x90.jpg","완결","일반"
"687921","thu","story/fantasy/action","아일랜드 2부","윤인완 / 양경일","http://thumb.comic.naver.net/webtoon/687921/thumbnail/title_thumbnail_20161109000040_t83x90.jpg","미완결","일반"
"685989","완결","story/drama/thrill","폰령","웹툰작가","http://thumb.comic.naver.net/webtoon/685989/thumbnail/title_thumbnail_20161010183816_t83x90.jpg","완결","일반"
"655748","완결","story/drama/pure","공주는 잠 못 이루고","하가","http://thumb.comic.naver.net/webtoon/655748/thumbnail/title_thumbnail_20150612234533_t83x90.jpg","완결","일반"
"679543","fri","story/fantasy","아테나 컴플렉스","케이사르","http://thumb.comic.naver.net/webtoon/679543/thumbnail/title_thumbnail_20160602111920_t83x90.JPG","미완결","일반"
"666670","tue","story/comic/drama","모태솔로수용소 시즌2","5iAm","http://thumb.comic.naver.net/webtoon/666670/thumbnail/title_thumbnail_20151109202307_t83x90.jpg","미완결","일반"
"551649","fri","story/drama/historical","낮에 뜨는 달","헤윰","http://thumb.comic.naver.net/webtoon/551649/thumbnail/title_thumbnail_20160505160325_t83x90.jpg","미완결","일반"
"686669","tue/sat","story/comic","첩보의 별 시즌2","이상신 / 국중록","http://thumb.comic.naver.net/webtoon/686669/thumbnail/title_thumbnail_20161014154832_t83x90.jpg","미완결","컷툰"
"400742","wed","story/fantasy/drama","이런 영웅은 싫어","삼촌","http://thumb.comic.naver.net/webtoon/400742/thumbnail/title_thumbnail_20150729121017_t83x90.jpg","미완결","일반"
"449854","wed","story/comic/action","돌아온 럭키짱","김성모","http://thumb.comic.naver.net/webtoon/449854/thumbnail/title_thumbnail_20120302192957_t83x90.jpg","미완결","일반"
"675830","mon","story/action","MZ","최훈 / 청설모","http://thumb.comic.naver.net/webtoon/675830/thumbnail/title_thumbnail_20160311203717_t83x90.jpg","미완결","일반"
"657948","thu","story/comic/fantasy/drama","서북의 저승사자","양세준","http://thumb.comic.naver.net/webtoon/657948/thumbnail/title_thumbnail_20150701000805_t83x90.jpg","미완결","일반"
"654138","sat","story/daily/drama","은주의 방 2","노란구미","http://thumb.comic.naver.net/webtoon/654138/thumbnail/title_thumbnail_20150522212540_t83x90.jpg","미완결","일반"
"602287","tue","story/fantasy","신의 언어","장래혁","http://thumb.comic.naver.net/webtoon/602287/thumbnail/title_thumbnail_20150302193945_t83x90.jpg","미완결","일반"
"186811","완결","story/drama","치즈인더트랩 1~3부","순끼","http://thumb.comic.naver.net/webtoon/186811/thumbnail/title_thumbnail_20130109160631_t83x90.jpg","완결","일반"
"637931","thu","story/comic/fantasy","전자오락수호대","가스파드","http://thumb.comic.naver.net/webtoon/637931/thumbnail/title_thumbnail_20141126234222_t83x90.jpg","미완결","일반"
"675516","thu","story/daily/drama/sensibility","참치와 돌고래","이힝","http://thumb.comic.naver.net/webtoon/675516/thumbnail/title_thumbnail_20160311174137_t83x90.jpg","미완결","일반"
"619935","완결","story/drama","일등당첨","미티","http://thumb.comic.naver.net/webtoon/619935/thumbnail/title_thumbnail_20140409175252_t83x90.jpg","완결","일반"
"654817","tue","story/comic/fantasy","미라클! 용사님","정하","http://thumb.comic.naver.net/webtoon/654817/thumbnail/title_thumbnail_20150514191647_t83x90.jpg","미완결","일반"
"654317","완결","story/comic/action","전설의 레전드","강냉이","http://thumb.comic.naver.net/webtoon/654317/thumbnail/title_thumbnail_20150506170437_t83x90.jpg","완결","일반"
"681453","wed","story/drama/pure","지금 이 순간 마법처럼","나윤희","http://thumb.comic.naver.net/webtoon/681453/thumbnail/title_thumbnail_20160705113443_t83x90.jpg","미완결","일반"
"652122","완결","story/fantasy/pure","철벽! 연애 시뮬레이션","혜니","http://thumb.comic.naver.net/webtoon/652122/thumbnail/title_thumbnail_20150402143641_t83x90.jpg","완결","일반"
"459545","wed","story/drama/pure","당신만 몰라!","유리아","http://thumb.comic.naver.net/webtoon/459545/thumbnail/title_thumbnail_20150603121259_t83x90.jpg","미완결","일반"
"325629","완결","story/comic","패션왕","기안84","http://thumb.comic.naver.net/webtoon/325629/thumbnail/title_thumbnail_20110508235932_t83x90.jpg","완결","일반"
"626940","fri","story/fantasy","오즈랜드","이윤창","http://thumb.comic.naver.net/webtoon/626940/thumbnail/title_thumbnail_20160317102250_t83x90.jpg","미완결","일반"
"635989","완결","story/drama/pure","우리 헤어졌어요","류채린","http://thumb.comic.naver.net/webtoon/635989/thumbnail/title_thumbnail_20140915111913_t83x90.jpg","완결","일반"
"665618","wed","story/comic","웃지 않는 개그반 시즌3","현용민","http://thumb.comic.naver.net/webtoon/665618/thumbnail/title_thumbnail_20151020181150_t83x90.jpg","미완결","일반"
"628998","완결","story/thrill","데드데이즈(DEAD DAYS)","DEY","http://thumb.comic.naver.net/webtoon/628998/thumbnail/title_thumbnail_20150617193039_t83x90.jpg","완결","일반"
"632341","완결","story/drama/sensibility","남과 여","혀노","http://thumb.comic.naver.net/webtoon/632341/thumbnail/title_thumbnail_20150202142002_t83x90.jpg","완결","일반"
"150388","완결","story/action","폭풍의 전학생","강냉이","http://thumb.comic.naver.net/webtoon/150388/thumbnail/title_thumbnail_20100331155005_t83x90.jpg","완결","일반"
"661043","완결","story/action/drama/thrill","상중하","한(恨)","http://thumb.comic.naver.net/webtoon/661043/thumbnail/title_thumbnail_20150916124453_t83x90.jpg","완결","일반"
"374974","sun","story/comic/fantasy","심심한 마왕","김상민","http://thumb.comic.naver.net/webtoon/374974/thumbnail/title_thumbnail_20140829190825_t83x90.jpg","미완결","일반"
"643123","wed","story/drama/pure","녹두전","혜진양","http://thumb.comic.naver.net/webtoon/643123/thumbnail/title_thumbnail_20160323152000_t83x90.jpg","미완결","일반"
"679545","wed","story/drama/pure","블랙수트","박세준 / 차용운","http://thumb.comic.naver.net/webtoon/679545/thumbnail/title_thumbnail_20160704113752_t83x90.jpg","미완결","일반"
"622648","완결","story/comic/fantasy/drama","모태솔로수용소","5iAm","http://thumb.comic.naver.net/webtoon/622648/thumbnail/title_thumbnail_20140511233526_t83x90.JPG","완결","일반"
"665170","sun","story/fantasy/action","귀도호가록","이수민","http://thumb.comic.naver.net/webtoon/665170/thumbnail/title_thumbnail_20151016184500_t83x90.jpg","미완결","일반"
"503253","완결","story/comic","웃지 않는 개그반","현용민","http://thumb.comic.naver.net/webtoon/503253/thumbnail/title_thumbnail_20120910143339_t83x90.jpg","완결","일반"
"655747","완결","story/daily/drama/pure","날로 먹는 연애","정혜영","http://thumb.comic.naver.net/webtoon/655747/thumbnail/title_thumbnail_20150609162116_t83x90.jpg","완결","일반"
"668723","mon","story/fantasy/pure/sensibility","이상하고 아름다운","허니비","http://thumb.comic.naver.net/webtoon/668723/thumbnail/title_thumbnail_20170101225537_t83x90.jpg","미완결","일반"
"24965","thu","story/fantasy","마술사","김세래","http://thumb.comic.naver.net/webtoon/24965/thumbnail/title_thumbnail_20141127002232_t83x90.jpg","미완결","일반"
"677452","완결","story/drama","체크포인트","송가 / 은소","http://thumb.comic.naver.net/webtoon/677452/thumbnail/title_thumbnail_20160406134224_t83x90.jpg","완결","일반"
"642653","완결","story/fantasy/action","사이드킥2","신의철","http://thumb.comic.naver.net/webtoon/642653/thumbnail/title_thumbnail_20150512152320_t83x90.jpg","완결","일반"
"509094","fri","story/fantasy/thrill","조선좀비실록","곤마","http://thumb.comic.naver.net/webtoon/509094/thumbnail/title_thumbnail_20121009170030_t83x90.jpg","미완결","일반"
"579352","thu","story/drama","에피소드칵테일","정마루","http://thumb.comic.naver.net/webtoon/579352/thumbnail/title_thumbnail_20130806193438_t83x90.jpg","미완결","일반"
"400739","tue","story/fantasy","에이머","구동인","http://thumb.comic.naver.net/webtoon/400739/thumbnail/title_thumbnail_20150504175746_t83x90.jpg","미완결","일반"
"638994","완결","story/drama/pure","Ho!","억수씨","http://thumb.comic.naver.net/webtoon/638994/thumbnail/title_thumbnail_20141226180133_t83x90.jpg","완결","일반"
"661085","완결","story/fantasy/action/drama","블레이드 노트","윤준식 / 송지형","http://thumb.comic.naver.net/webtoon/661085/thumbnail/title_thumbnail_20150818183353_t83x90.jpg","완결","일반"
"654318","완결","story/drama/thrill","미래소녀","황준호","http://thumb.comic.naver.net/webtoon/654318/thumbnail/title_thumbnail_20150804111338_t83x90.jpg","완결","일반"
"608261","완결","story/thrill","심연의 하늘","윤인완 / 김선희","http://thumb.comic.naver.net/webtoon/608261/thumbnail/title_thumbnail_20150428114856_t83x90.jpg","완결","스마트툰"
"655746","sun","story/fantasy","마법스크롤상인 지오","엄재경 / 호패","http://thumb.comic.naver.net/webtoon/655746/thumbnail/title_thumbnail_20150606165416_t83x90.jpg","미완결","일반"
"675822","wed","story/thrill","대작","범우","http://thumb.comic.naver.net/webtoon/675822/thumbnail/title_thumbnail_20160307143041_t83x90.jpg","미완결","일반"
"652418","thu","story/fantasy/drama/sensibility","파도의 주인","이뫄","http://thumb.comic.naver.net/webtoon/652418/thumbnail/title_thumbnail_20160621174209_t83x90.jpg","미완결","일반"
"26309","완결","story/comic","정열맨","귀귀","http://thumb.comic.naver.net/webtoon/26309/thumbnail/title_thumbnail_20100210105413_t83x90.jpg","완결","일반"
"524520","sat","story/fantasy","트럼프","이채은","http://thumb.comic.naver.net/webtoon/524520/thumbnail/title_thumbnail_20161007190526_t83x90.jpg","미완결","일반"
"647947","완결","story/drama/thrill","저승에서 만난 사람들","단우 / 백희정","http://thumb.comic.naver.net/webtoon/647947/thumbnail/title_thumbnail_20150211142936_t83x90.jpg","완결","일반"
"22896","완결","story/pure","핑크레이디","연우,서나","http://thumb.comic.naver.net/webtoon/22896/thumbnail/thumbnail_title_22896_83x90.gif","완결","일반"
"316911","mon","story/fantasy","탈(TAL)","강임","http://thumb.comic.naver.net/webtoon/316911/thumbnail/title_thumbnail_20160708114201_t83x90.jpg","미완결","일반"
"644111","완결","story/drama","손의 흔적","유성연","http://thumb.comic.naver.net/webtoon/644111/thumbnail/title_thumbnail_20150712224625_t83x90.jpg","완결","스마트툰"
"511447","완결","story/fantasy/action","어빌리티","손제호 / 이광수","http://thumb.comic.naver.net/webtoon/511447/thumbnail/title_thumbnail_20121017183412_t83x90.jpg","완결","스마트툰"
"557675","wed","story/drama","하나(HANA)","와난","http://thumb.comic.naver.net/webtoon/557675/thumbnail/title_thumbnail_20130514180021_t83x90.jpg","미완결","일반"
"179704","완결","story/drama","안나라수마나라","하일권","http://thumb.comic.naver.net/webtoon/179704/thumbnail/title_thumbnail_20100623183427_t83x90.jpg","완결","일반"
"26205","완결","story/action","쎈놈","박용제","http://thumb.comic.naver.net/webtoon/26205/thumbnail/thumbnail_title_26205_83x90.gif","완결","일반"
"400740","완결","story/fantasy","천년구미호","기량","http://thumb.comic.naver.net/webtoon/400740/thumbnail/title_thumbnail_20150604144245_t83x90.jpg","완결","일반"
"64997","sat","story/fantasy","나이트런","김성민","http://thumb.comic.naver.net/webtoon/64997/thumbnail/title_thumbnail_20110515001535_t83x90.jpg","미완결","일반"
"654333","fri","story/comic/drama","이별만화 완성도","손경석","http://thumb.comic.naver.net/webtoon/654333/thumbnail/title_thumbnail_20160908173314_t83x90.jpg","미완결","일반"
"660333","완결","story/thrill","마야고","후렛샤 / 김홍태","http://thumb.comic.naver.net/webtoon/660333/thumbnail/title_thumbnail_20150804203422_t83x90.jpg","완결","일반"
"640110","sat","story/fantasy/drama","숲 속의 미마","후은","http://thumb.comic.naver.net/webtoon/640110/thumbnail/title_thumbnail_20160429190555_t83x90.jpg","미완결","일반"
"602921","완결","story/comic/fantasy","이말년 서유기","이말년","http://thumb.comic.naver.net/webtoon/602921/thumbnail/title_thumbnail_20131203205916_t83x90.jpg","완결","일반"
"423384","완결","story/fantasy","소울카르텔","하람 / 김영지","http://thumb.comic.naver.net/webtoon/423384/thumbnail/title_thumbnail_20140415154241_t83x90.jpg","완결","일반"
"653857","완결","story/fantasy/action/historical","버닝헬","윤인완 / 양경일","http://thumb.comic.naver.net/webtoon/653857/thumbnail/title_thumbnail_20150511192707_t83x90.jpg","완결","일반"
"67235","완결","story/thrill","지금 우리 학교는","주동근","http://thumb.comic.naver.net/webtoon/67235/thumbnail/title_thumbnail_20140412140329_t83x90.jpg","완결","일반"
"622644","완결","story/fantasy/drama","아메리카노 엑소더스","박지은","http://thumb.comic.naver.net/webtoon/622644/thumbnail/title_thumbnail_20150127152059_t83x90.jpg","완결","일반"
"679547","tue","story/thrill","심연의 하늘 시즌4","윤인완 / 김선희","http://thumb.comic.naver.net/webtoon/679547/thumbnail/title_thumbnail_20160704144601_t83x90.jpg","미완결","일반"
"662898","완결","story/fantasy/action","라크리모사","임인스","http://thumb.comic.naver.net/webtoon/662898/thumbnail/title_thumbnail_20150911205458_t83x90.jpg","완결","일반"
"511445","완결","story/thrill","조의 영역","조석","http://thumb.comic.naver.net/webtoon/511445/thumbnail/title_thumbnail_20121017183613_t83x90.jpg","완결","스마트툰"
"26310","완결","story/fantasy/drama","3단합체김창남","하일권","http://thumb.comic.naver.net/webtoon/26310/thumbnail/thumbnail_title_26310_83x90.gif","완결","일반"
"655277","완결","story/fantasy/drama/sensibility","고고고","정은경 / 하일권","http://thumb.comic.naver.net/webtoon/655277/thumbnail/title_thumbnail_20150526144735_t83x90.jpg","완결","일반"
"597473","sun","story/fantasy/drama","원 뿔러스 원","청보리","http://thumb.comic.naver.net/webtoon/597473/thumbnail/title_thumbnail_20150821213837_t83x90.jpg","미완결","일반"
"485489","완결","story/thrill","절벽귀","오성대","http://thumb.comic.naver.net/webtoon/485489/thumbnail/title_thumbnail_20120704175810_t83x90.jpg","완결","일반"
"131385","완결","story/fantasy","쿠베라","카레곰","http://thumb.comic.naver.net/webtoon/131385/thumbnail/title_thumbnail_20150504165720_t83x90.jpg","완결","일반"
"24475","완결","story/thrill","미스테리호러지하철","단우","http://thumb.comic.naver.net/webtoon/24475/thumbnail/thumbnail_title_24475_83x90.gif","완결","일반"
"622646","완결","story/drama","마녀사냥","박소","http://thumb.comic.naver.net/webtoon/622646/thumbnail/title_thumbnail_20140509144026_t83x90.jpg","완결","일반"
"603159","완결","story/fantasy","레사 시즌2","POGO","http://thumb.comic.naver.net/webtoon/603159/thumbnail/title_thumbnail_20131205225518_t83x90.jpg","완결","일반"
"65410","완결","story/drama","두근두근두근거려","하일권","http://thumb.comic.naver.net/webtoon/65410/thumbnail/title_thumbnail_20090423143015_t83x90.jpg","완결","일반"
"662160","완결","story/fantasy/drama/thrill","후유증 2","김선권","http://thumb.comic.naver.net/webtoon/662160/thumbnail/title_thumbnail_20150920222612_t83x90.jpg","완결","스마트툰"
"434644","완결","story/comic/action","폭풍의 전학생 - 리부트","강냉이","http://thumb.comic.naver.net/webtoon/434644/thumbnail/title_thumbnail_20120116113534_t83x90.jpg","완결","일반"
"400737","완결","story/comic/drama","고삼이 집나갔다","미티","http://thumb.comic.naver.net/webtoon/400737/thumbnail/title_thumbnail_20111101115225_t83x90.jpg","완결","일반"
"678494","mon","story/fantasy/action","동토의 여명","김정휘","http://thumb.comic.naver.net/webtoon/678494/thumbnail/title_thumbnail_20160429193558_t83x90.jpg","미완결","일반"
"509092","완결","story/pure","시큼새큼","묘니","http://thumb.comic.naver.net/webtoon/509092/thumbnail/title_thumbnail_20140106195311_t83x90","완결","일반"
"285855","완결","story/fantasy","용의 아들 최창식","임인스","http://thumb.comic.naver.net/webtoon/285855/thumbnail/title_thumbnail_20120316172452_t83x90.jpg","완결","일반"
"656641","완결","story/thrill","적생","아루아니_팀 겟네임","http://thumb.comic.naver.net/webtoon/656641/thumbnail/title_thumbnail_20150610223857_t83x90.JPG","완결","일반"
"654316","완결","story/drama/pure","우렁집사","최경아","http://thumb.comic.naver.net/webtoon/654316/thumbnail/title_thumbnail_20151102173555_t83x90.jpg","완결","일반"
"670145","thu","story/drama/thrill","킬더킹","마사토끼 / jo..","http://thumb.comic.naver.net/webtoon/670145/thumbnail/title_thumbnail_20160105121235_t83x90.jpg","미완결","일반"
"23183","완결","story/drama","펫다이어리","요한 / 김혜진","http://thumb.comic.naver.net/webtoon/23183/thumbnail/thumbnail_title_23183_83x90.gif","완결","일반"
"268858","완결","story/action","쎈놈 외전","박용제","http://thumb.comic.naver.net/webtoon/268858/thumbnail/title_thumbnail_20101209162414_t83x90.jpg","완결","일반"
"670131","thu","story/historical","천국의 신화 6부","올댓스토리 / 이..","http://thumb.comic.naver.net/webtoon/670131/thumbnail/title_thumbnail_20151230175953_t83x90.jpg","미완결","일반"
"643302","완결","story/fantasy/drama","중립디자인구역","최남새","http://thumb.comic.naver.net/webtoon/643302/thumbnail/title_thumbnail_20160205182139_t83x90.jpg","완결","일반"
"632344","완결","story/drama/pure","두근거려요","뚱땡이냐옹이","http://thumb.comic.naver.net/webtoon/632344/thumbnail/title_thumbnail_20140901175741_t83x90.jpg","완결","일반"
"622640","완결","story/drama/pure","프린스의 왕자","재아 / SE","http://thumb.comic.naver.net/webtoon/622640/thumbnail/title_thumbnail_20150607213759_t83x90.jpg","완결","일반"
"626949","sun","story/fantasy/drama","바로잡는 순애보","이채영","http://thumb.comic.naver.net/webtoon/626949/thumbnail/title_thumbnail_20140630151813_t83x90.jpg","미완결","일반"
"233265","완결","story/fantasy/pure","견우와 직녀","유리아","http://thumb.comic.naver.net/webtoon/233265/thumbnail/title_thumbnail_20100917152439_t83x90.jpg","완결","일반"
"471284","완결","story/thrill","후유증","김선권","http://thumb.comic.naver.net/webtoon/471284/thumbnail/title_thumbnail_20120521140700_t83x90.jpg","완결","일반"
"658076","mon","story/fantasy/action","팀피닉스","엄재경 / Ze-..","http://thumb.comic.naver.net/webtoon/658076/thumbnail/title_thumbnail_20150703193652_t83x90.jpg","미완결","일반"
"206146","완결","story/drama/pure","열아홉스물하나","요한 / 김혜진","http://thumb.comic.naver.net/webtoon/206146/thumbnail/title_thumbnail_20100806194800_t83x90.jpg","완결","일반"
"646568","완결","story/drama","2호선 세입자","정은경 / 여원","http://thumb.comic.naver.net/webtoon/646568/thumbnail/title_thumbnail_20150122143341_t83x90.jpg","완결","일반"
"254143","완결","story/drama/thrill","스토커","단우","http://thumb.comic.naver.net/webtoon/254143/thumbnail/title_thumbnail_20101104165342_t83x90.jpg","완결","일반"
"160469","thu","story/fantasy","특수 영능력 수사반","사다함","http://thumb.comic.naver.net/webtoon/160469/thumbnail/title_thumbnail_20100616174201_t83x90.jpg","미완결","일반"
"635174","wed","story/fantasy/action","씬커","권혁주","http://thumb.comic.naver.net/webtoon/635174/thumbnail/title_thumbnail_20161108161056_t83x90.jpg","미완결","일반"
"578108","완결","story/drama/pure","강변살다","박윤영","http://thumb.comic.naver.net/webtoon/578108/thumbnail/title_thumbnail_20140127223051_t83x90.jpg","완결","일반"
"81483","완결","story/fantasy/drama","어른스러운 철구","해다란","http://thumb.comic.naver.net/webtoon/81483/thumbnail/title_thumbnail_20131108101011_t83x90.jpg","완결","일반"
"52993","완결","story/thrill","우월한하루","팀 겟네임","http://thumb.comic.naver.net/webtoon/52993/thumbnail/title_thumbnail_20140412130104_t83x90.jpg","완결","일반"
"226807","완결","story/sports","그린보이","정재한 / 임진국","http://thumb.comic.naver.net/webtoon/226807/thumbnail/title_thumbnail_20120326150051_t83x90.jpg","완결","일반"
"337963","완결","story/fantasy/drama","지상 최악의 소년","정필원","http://thumb.comic.naver.net/webtoon/337963/thumbnail/title_thumbnail_20110603154404_t83x90.jpg","완결","일반"
"395442","완결","story/comic/action","격투기특성화사립고교 극지고","허일","http://thumb.comic.naver.net/webtoon/395442/thumbnail/title_thumbnail_20111014103535_t83x90.jpg","완결","일반"
"678500","완결","story/fantasy/thrill","아일랜드 1부","윤인완 / 양경일","http://thumb.comic.naver.net/webtoon/678500/thumbnail/title_thumbnail_20160511215320_t83x90.jpg","완결","일반"
"507638","완결","story/fantasy/drama","신령","이혜","http://thumb.comic.naver.net/webtoon/507638/thumbnail/title_thumbnail_20140704105058_t83x90.jpg","완결","일반"
"602923","완결","story/drama/pure","안 돼요 마왕님!","마로","http://thumb.comic.naver.net/webtoon/602923/thumbnail/title_thumbnail_20150129150736_t83x90.jpg","완결","일반"
"644182","완결","story/fantasy/drama","지새는 달","LELE / 별솔","http://thumb.comic.naver.net/webtoon/644182/thumbnail/title_thumbnail_20141230180104_t83x90.jpg","완결","일반"
"675829","thu","story/drama","동네변호사 조들호 시즌2","해츨링","http://thumb.comic.naver.net/webtoon/675829/thumbnail/title_thumbnail_20160308145828_t83x90.jpg","미완결","일반"
"212694","완결","story/comic","쌉니다 천리마마트","김규삼","http://thumb.comic.naver.net/webtoon/212694/thumbnail/title_thumbnail_20100813144003_t83x90.jpg","완결","일반"
"409629","완결","story/fantasy/thrill","죽은 마법사의 도시","김칸비_팀 겟네임","http://thumb.comic.naver.net/webtoon/409629/thumbnail/title_thumbnail_20150106184233_t83x90.jpg","완결","일반"
"669358","완결","story/fantasy/action","레드돌","최윤열","http://thumb.comic.naver.net/webtoon/669358/thumbnail/title_thumbnail_20151217161017_t83x90.jpg","완결","일반"
"256855","완결","story/daily/comic","질풍기획 시즌1","이현민","http://thumb.comic.naver.net/webtoon/256855/thumbnail/title_thumbnail_20120213122935_t83x90.jpg","완결","일반"
"630832","완결","story/action/drama","크레이터","태발","http://thumb.comic.naver.net/webtoon/630832/thumbnail/title_thumbnail_20140721102949_t83x90.jpg","완결","일반"
"664406","sat","story/fantasy/action","네버랜 연대기","박현수","http://thumb.comic.naver.net/webtoon/664406/thumbnail/title_thumbnail_20151005150636_t83x90.jpg","미완결","일반"
"644112","fri","story/historical","몽홀","장태산","http://thumb.comic.naver.net/webtoon/644112/thumbnail/title_thumbnail_20150105174647_t83x90.jpg","미완결","일반"
"293520","완결","story/drama/pure","오렌지 마말레이드","석우","http://thumb.comic.naver.net/webtoon/293520/thumbnail/title_thumbnail_20130118185824_t83x90.jpg","완결","일반"
"335885","완결","story/daily/comic","가우스전자 시즌1~2","곽백수","http://thumb.comic.naver.net/webtoon/335885/thumbnail/title_thumbnail_20110527212550_t83x90.jpg","완결","일반"
"608263","완결","story/drama/pure","늘 푸른 찻집","고병준 / 제뉴","http://thumb.comic.naver.net/webtoon/608263/thumbnail/title_thumbnail_20140114000619_t83x90.jpg","완결","일반"
"389848","완결","story/action","헬퍼","삭","http://thumb.comic.naver.net/webtoon/389848/thumbnail/title_thumbnail_20140918193326_t83x90.jpg","완결","일반"
"26458","완결","story/thrill","N의등대-눈의등대","김규삼","http://thumb.comic.naver.net/webtoon/26458/thumbnail/thumbnail_title_26458_83x90.gif","완결","일반"
"537989","완결","story/daily/drama","장미아파트 공경비","권정희 / 박병규","http://thumb.comic.naver.net/webtoon/537989/thumbnail/title_thumbnail_20140506222749_t83x90.jpg","완결","일반"
"22037","완결","story","체스아일","cid 혁군","http://thumb.comic.naver.net/webtoon/22037/thumbnail/thumbnail_title_22037_83x90.gif","완결","일반"
"483613","완결","story/action","킬러분식","한(恨)","http://thumb.comic.naver.net/webtoon/483613/thumbnail/title_thumbnail_20120702110323_t83x90.jpg","완결","일반"
"297795","완결","story/fantasy","크리퍼스큘","밀치 / 얌치","http://thumb.comic.naver.net/webtoon/297795/thumbnail/title_thumbnail_20141220014738_t83x90.jpg","완결","일반"
"478249","완결","story/thrill","인간의 숲","황준호","http://thumb.comic.naver.net/webtoon/478249/thumbnail/title_thumbnail_20140412123113_t83x90.jpg","완결","일반"
"548870","완결","story/comic/action","굿모닝 보스","김진태","http://thumb.comic.naver.net/webtoon/548870/thumbnail/title_thumbnail_20130319164246_t83x90.jpg","완결","스마트툰"
"89098","완결","story/thrill","몽타주","단우","http://thumb.comic.naver.net/webtoon/89098/thumbnail/title_thumbnail_20140412122950_t83x90.jpg","완결","일반"
"25735","완결","story/drama","어서오세요.305호에","와난","http://thumb.comic.naver.net/webtoon/25735/thumbnail/thumbnail_title_25735_83x90.gif","완결","일반"
"63455","완결","story/fantasy","불량 뱀파이어","이유정","http://thumb.comic.naver.net/webtoon/63455/thumbnail/title_thumbnail_20090401141805_t83x90.jpg","완결","일반"
"675392","완결","story/comic/action","첩보의 별","이상신 / 국중록","http://thumb.comic.naver.net/webtoon/675392/thumbnail/title_thumbnail_20160322113739_t83x90.jpg","완결","일반"
"670147","완결","story/fantasy/drama","레코닝","이혜","http://thumb.comic.naver.net/webtoon/670147/thumbnail/title_thumbnail_20160108112021_t83x90.jpg","완결","일반"
"20762","완결","story/pure","AA","선정, 지숙","http://thumb.comic.naver.net/webtoon/20762/thumbnail/thumbnail_title_20762_83x90.gif","완결","일반"
"626904","완결","story/fantasy/pure","시타를 위하여","하가","http://thumb.comic.naver.net/webtoon/626904/thumbnail/title_thumbnail_20140609112225_t83x90.jpg","완결","일반"
"530312","완결","story/drama","독신으로 살겠다","선정성","http://thumb.comic.naver.net/webtoon/530312/thumbnail/title_thumbnail_20141011204141_t83x90.jpg","완결","일반"
"669360","완결","story/fantasy/action","뱀피르","카인 / 12B","http://thumb.comic.naver.net/webtoon/669360/thumbnail/title_thumbnail_20151222163847_t83x90.jpg","완결","일반"
"440439","완결","story/comic/pure","플라스틱 걸","리나 / 새달","http://thumb.comic.naver.net/webtoon/440439/thumbnail/title_thumbnail_20120131115448_t83x90.jpg","완결","일반"
"358286","완결","story/drama","단편 할머니/나는내일죽는다","태발","http://thumb.comic.naver.net/webtoon/358286/thumbnail/title_thumbnail_20110904004712_t83x90.jpg","완결","일반"
"511446","완결","story/comic","닭통령 계양반","미티","http://thumb.comic.naver.net/webtoon/511446/thumbnail/title_thumbnail_20121019111457_t83x90.jpg","완결","스마트툰"
"642599","완결","story/drama/sensibility","아이덴티티","시니 / 수훈","http://thumb.comic.naver.net/webtoon/642599/thumbnail/title_thumbnail_20141225115543_t83x90.jpg","완결","일반"
"26460","완결","story/thrill","N의등대-busted","조석","http://thumb.comic.naver.net/webtoon/26460/thumbnail/thumbnail_title_26460_83x90.gif","완결","일반"
"22043","완결","story/pure","에피소드메이비","정마루","http://thumb.comic.naver.net/webtoon/22043/thumbnail/thumbnail_title_22043_83x90.gif","완결","일반"
"26107","완결","story/drama","새끼손가락","이익수","http://thumb.comic.naver.net/webtoon/26107/thumbnail/thumbnail_title_26107_83x90.gif","완결","일반"
"26108","완결","story/fantasy","언더프린","브림스","http://thumb.comic.naver.net/webtoon/26108/thumbnail/title_thumbnail_20110422102030_t83x90.jpg","완결","일반"
"517773","완결","story/fantasy/drama","방과 후 전쟁활동","하일권","http://thumb.comic.naver.net/webtoon/517773/thumbnail/title_thumbnail_20140412134104_t83x90.jpg","완결","일반"
"25695","완결","story/thrill","향수","석우","http://thumb.comic.naver.net/webtoon/25695/thumbnail/thumbnail_title_25695_83x90.gif","완결","일반"
"630386","sun","story/fantasy/drama","인챈트-나람이야기","자유","http://thumb.comic.naver.net/webtoon/630386/thumbnail/title_thumbnail_20140717183545_t83x90.jpg","미완결","일반"
"72497","완결","story/historical","비흔","정재한 / 황영찬","http://thumb.comic.naver.net/webtoon/72497/thumbnail/title_thumbnail_20120928150325_t83x90.jpg","완결","일반"
"626939","완결","story/fantasy/action","둥굴레차!","기라3","http://thumb.comic.naver.net/webtoon/626939/thumbnail/title_thumbnail_20140610202947_t83x90.jpg","완결","일반"
"310616","fri","story/fantasy","원티드","럭스","http://thumb.comic.naver.net/webtoon/310616/thumbnail/title_thumbnail_20130117191617_t83x90.jpg","미완결","일반"
"666196","완결","story/drama/pure","프린스의 왕자 - 카페 드 쇼콜라 -","재아 / SE","http://thumb.comic.naver.net/webtoon/666196/thumbnail/title_thumbnail_20151029174921_t83x90.jpg","완결","일반"
"690503","sun","story/comic/action","도망자","신영우","http://thumb.comic.naver.net/webtoon/690503/thumbnail/title_thumbnail_20170106153614_t83x90.jpg","미완결","일반"
"537990","완결","story/fantasy/drama","싸귀2 : 퇴마록","임인스","http://thumb.comic.naver.net/webtoon/537990/thumbnail/title_thumbnail_20140709192657_t83x90.jpg","완결","일반"
"597466","완결","story/fantasy/drama","매지컬 고삼즈","seri / 비완","http://thumb.comic.naver.net/webtoon/597466/thumbnail/title_thumbnail_20150715181638_t83x90.jpg","완결","일반"
"459546","완결","story/drama","삼봉이발소","하일권","http://thumb.comic.naver.net/webtoon/459546/thumbnail/title_thumbnail_20120321153126_t83x90.jpg","완결","일반"
"497180","완결","story/fantasy/action","언더클래스 히어로","김우준","http://thumb.comic.naver.net/webtoon/497180/thumbnail/title_thumbnail_20140831173459_t83x90.jpg","완결","일반"
"142911","완결","story/thrill","멜로홀릭","팀겟네임","http://thumb.comic.naver.net/webtoon/142911/thumbnail/title_thumbnail_20100304183459_t83x90.jpg","완결","일반"
"521533","완결","story/comic","SM 플레이어","랑또","http://thumb.comic.naver.net/webtoon/521533/thumbnail/title_thumbnail_20121207184913_t83x90.jpg","완결","스마트툰"
"546805","완결","story/comic/drama","알게뭐야","김재한","http://thumb.comic.naver.net/webtoon/546805/thumbnail/title_thumbnail_20150302174331_t83x90.jpg","완결","일반"
"414611","완결","story/sports","라이징패스트볼","박현수","http://thumb.comic.naver.net/webtoon/414611/thumbnail/title_thumbnail_20111202101626_t83x90.jpg","완결","일반"
"563786","완결","story/fantasy/action","OH, MY GOD!","강지영 / 현예지","http://thumb.comic.naver.net/webtoon/563786/thumbnail/title_thumbnail_20130614121900_t83x90.jpg","완결","일반"
"25050","완결","story/historical","태왕광개토","청안랑 / 김인호","http://thumb.comic.naver.net/webtoon/25050/thumbnail/thumbnail_title_25050_83x90.gif","완결","일반"
"337964","완결","story/comic","타임인조선","이윤창","http://thumb.comic.naver.net/webtoon/337964/thumbnail/title_thumbnail_20110613111940_t83x90.jpg","완결","일반"
"653344","tue","story/fantasy/drama","기로","구들","http://thumb.comic.naver.net/webtoon/653344/thumbnail/title_thumbnail_20150420212358_t83x90.jpg","미완결","일반"
"621494","완결","story/drama","국립자유경제고등학교 세실고 2학기","양혜석 / 이현지","http://thumb.comic.naver.net/webtoon/621494/thumbnail/title_thumbnail_20140418115703_t83x90.jpg","완결","일반"
"478262","완결","story/fantasy/action","레사(lessa)","POGO","http://thumb.comic.naver.net/webtoon/478262/thumbnail/title_thumbnail_20131205231823_t83x90.jpg","완결","일반"
"511444","완결","story/comic","버프소녀 오오라","김규삼","http://thumb.comic.naver.net/webtoon/511444/thumbnail/title_thumbnail_20121016114135_t83x90.jpg","완결","스마트툰"
"258205","완결","story/thrill","프로젝트 X","태발","http://thumb.comic.naver.net/webtoon/258205/thumbnail/title_thumbnail_20140412125648_t83x90.jpg","완결","일반"
"622641","완결","story/fantasy/drama","붉은 실","동비","http://thumb.comic.naver.net/webtoon/622641/thumbnail/title_thumbnail_20140512174620_t83x90.jpg","완결","일반"
"551651","완결","story/drama","악플게임","미티","http://thumb.comic.naver.net/webtoon/551651/thumbnail/title_thumbnail_20130412185358_t83x90.jpg","완결","일반"
"308802","완결","story/pure","세렌디피티","우은지 / 홍성경","http://thumb.comic.naver.net/webtoon/308802/thumbnail/title_thumbnail_20110304140610_t83x90.jpg","완결","일반"
"94760","완결","story/thrill","악연","황준호","http://thumb.comic.naver.net/webtoon/94760/thumbnail/title_thumbnail_20140412114313_t83x90.jpg","완결","일반"
"666537","완결","story/fantasy/action/drama","3P","김우준","http://thumb.comic.naver.net/webtoon/666537/thumbnail/title_thumbnail_20151108195327_t83x90.jpg","완결","일반"
"520598","완결","story/drama","스펙트럼 분석기","도국","http://thumb.comic.naver.net/webtoon/520598/thumbnail/title_thumbnail_20121130165600_t83x90.jpg","완결","일반"
"423383","완결","story/comic/fantasy/action","스페이스 차이나드레스","최봉수 / 원현재","http://thumb.comic.naver.net/webtoon/423383/thumbnail/title_thumbnail_20120524145347_t83x90.jpg","완결","일반"
"505715","완결","story/comic","꽃가족","이상신 / 국중록","http://thumb.comic.naver.net/webtoon/505715/thumbnail/title_thumbnail_20120921114302_t83x90.jpg","완결","일반"
"642604","완결","story/drama/sports","화이트멜로우","임진국","http://thumb.comic.naver.net/webtoon/642604/thumbnail/title_thumbnail_20141212140129_t83x90.jpg","완결","일반"
"26473","완결","story/thrill","N의등대-도망자","김선권","http://thumb.comic.naver.net/webtoon/26473/thumbnail/thumbnail_title_26473_83x90.gif","완결","일반"
"318992","완결","story/pure","우연일까?","남지은 / 김인호","http://thumb.comic.naver.net/webtoon/318992/thumbnail/title_thumbnail_20110408115556_t83x90.jpg","완결","일반"
"460686","완결","story/drama/pure","아는사람 이야기","오묘","http://thumb.comic.naver.net/webtoon/460686/thumbnail/title_thumbnail_20120418172527_t83x90.jpg","완결","일반"
"26456","완결","story/thrill","N의등대-thecalling","강호진","http://thumb.comic.naver.net/webtoon/26456/thumbnail/thumbnail_title_26456_83x90.gif","완결","일반"
"62251","완결","story/fantasy","플루타크 영웅전","양영순","http://thumb.comic.naver.net/webtoon/62251/thumbnail/title_thumbnail_20090317153707_t83x90.jpg","완결","일반"
"76758","완결","story/drama","17살, 그 여름날의 기적","석우","http://thumb.comic.naver.net/webtoon/76758/thumbnail/title_thumbnail_20090731161045_t83x90.jpg","완결","일반"
"578105","완결","story/drama","네가 없는 세상","시니 / 혀노","http://thumb.comic.naver.net/webtoon/578105/thumbnail/title_thumbnail_20130802145754_t83x90.jpg","완결","일반"
"69296","완결","story/fantasy","진진돌이 에볼루션","김기정 / 윤종문","http://thumb.comic.naver.net/webtoon/69296/thumbnail/title_thumbnail_20090602120702_t83x90.jpg","완결","일반"
"25904","완결","story/pure/thrill","러브판타지페이퍼","단우","http://thumb.comic.naver.net/webtoon/25904/thumbnail/title_thumbnail_20090403105808_t83x90.jpg","완결","일반"
"191347","완결","story/fantasy/drama","연애세포","김명현","http://thumb.comic.naver.net/webtoon/191347/thumbnail/title_thumbnail_20100716102811_t83x90.jpg","완결","일반"
"188197","완결","story/fantasy","미호이야기","혜진양","http://thumb.comic.naver.net/webtoon/188197/thumbnail/title_thumbnail_20100712122204_t83x90.jpg","완결","일반"
"113119","완결","story/drama","아부쟁이","이익수","http://thumb.comic.naver.net/webtoon/113119/thumbnail/title_thumbnail_20091224161454_t83x90.jpg","완결","일반"
"26115","완결","story/thrill","고향의꽃","한(恨)","http://thumb.comic.naver.net/webtoon/26115/thumbnail/title_thumbnail_20140412111135_t83x90.jpg","완결","일반"
"509093","완결","story/drama","아빠를 찾습니다","동비","http://thumb.comic.naver.net/webtoon/509093/thumbnail/title_thumbnail_20140412135606_t83x90.jpg","완결","일반"
"602925","완결","story/fantasy","드래곤레시피","ELDO / 엽","http://thumb.comic.naver.net/webtoon/602925/thumbnail/title_thumbnail_20131206115920_t83x90.jpg","완결","일반"
"443422","완결","story/comic","키드갱","신영우","http://thumb.comic.naver.net/webtoon/443422/thumbnail/title_thumbnail_20120214183301_t83x90.jpg","완결","일반"
"507274","완결","story/comic","위아더 능력자!","손하기","http://thumb.comic.naver.net/webtoon/507274/thumbnail/title_thumbnail_20120928135523_t83x90.jpg","완결","일반"
"563785","완결","story/fantasy/action","플로우","허니비","http://thumb.comic.naver.net/webtoon/563785/thumbnail/title_thumbnail_20140929233154_t83x90.jpg","완결","일반"
"251575","완결","story/drama/pure","방울토마토","조양","http://thumb.comic.naver.net/webtoon/251575/thumbnail/title_thumbnail_20101026155816_t83x90.jpg","완결","일반"
"293521","완결","story/daily","삐뚤빼뚤해도 괜찮아","김진","http://thumb.comic.naver.net/webtoon/293521/thumbnail/title_thumbnail_20110131170142_t83x90.jpg","완결","일반"
"25898","완결","story/drama","펫다이어리2.런","요한 / 김혜진","http://thumb.comic.naver.net/webtoon/25898/thumbnail/thumbnail_title_25898_83x90.gif","완결","일반"
"25734","완결","story/drama","TLT (Tiger the Long tail)","김정기,박성진 /..","http://thumb.comic.naver.net/webtoon/25734/thumbnail/thumbnail_title_25734_83x90.gif","완결","일반"
"660025","완결","story/drama","송곳 4부","최규석","http://thumb.comic.naver.net/webtoon/660025/thumbnail/title_thumbnail_20150803180520_t83x90.jpg","완결","일반"
"532057","완결","story/drama","투엔티스","김명현","http://thumb.comic.naver.net/webtoon/532057/thumbnail/title_thumbnail_20130118185744_t83x90.jpg","완결","일반"
"25714","완결","story/fantasy/drama","제로","정재한 / 이나루","http://thumb.comic.naver.net/webtoon/25714/thumbnail/thumbnail_title_25714_83x90.gif","완결","일반"
"414609","완결","story/fantasy","바람이 머무는 난","신월","http://thumb.comic.naver.net/webtoon/414609/thumbnail/title_thumbnail_20150708234240_t83x90.jpg","완결","일반"
"500944","완결","story/drama","무한동력","주호민","http://thumb.comic.naver.net/webtoon/500944/thumbnail/title_thumbnail_20120904120204_t83x90.jpg","완결","일반"
"632330","완결","story/thrill","빙의","후렛샤 / 김홍태","http://thumb.comic.naver.net/webtoon/632330/thumbnail/title_thumbnail_20140805163947_t83x90.jpg","완결","일반"
"616238","완결","story/fantasy/action","사이드킥","신의철","http://thumb.comic.naver.net/webtoon/616238/thumbnail/title_thumbnail_20140826143247_t83x90.jpg","완결","스마트툰"
"76759","완결","story/drama","패밀리맨","정필원","http://thumb.comic.naver.net/webtoon/76759/thumbnail/title_thumbnail_20090731161951_t83x90.jpg","완결","일반"
"443421","완결","story/comic","악당의 사연","랑또","http://thumb.comic.naver.net/webtoon/443421/thumbnail/title_thumbnail_20120327193242_t83x90.jpg","완결","일반"
"440437","완결","story/fantasy/thrill","투명살인","돌연변이","http://thumb.comic.naver.net/webtoon/440437/thumbnail/title_thumbnail_20120203191100_t83x90.jpg","완결","일반"
"360613","완결","story/fantasy","리버스","임달영 / 이수현","http://thumb.comic.naver.net/webtoon/360613/thumbnail/title_thumbnail_20140412115712_t83x90.jpg","완결","일반"
"613076","완결","story/fantasy/action","퇴마전쟁","한(恨)","http://thumb.comic.naver.net/webtoon/613076/thumbnail/title_thumbnail_20140215222557_t83x90.jpg","완결","일반"
"668103","fri","story/fantasy/drama","시노딕","현욱","http://thumb.comic.naver.net/webtoon/668103/thumbnail/title_thumbnail_20151203170919_t83x90.jpg","미완결","일반"
"632337","완결","story/drama/thrill","재앙은 미묘하게","안성호","http://thumb.comic.naver.net/webtoon/632337/thumbnail/title_thumbnail_20140805144955_t83x90.jpg","완결","일반"
"483796","완결","story/fantasy/thrill","강시대소동","주동근","http://thumb.comic.naver.net/webtoon/483796/thumbnail/title_thumbnail_20120622115641_t83x90.jpg","완결","일반"
"546624","완결","story/drama","국립자유경제 고등학교 세실고","양혜석 / 타파리","http://thumb.comic.naver.net/webtoon/546624/thumbnail/title_thumbnail_20130307140609_t83x90.jpg","완결","일반"
"481793","완결","story/drama/pure","ENT.","박미숙 / 강은영..","http://thumb.comic.naver.net/webtoon/481793/thumbnail/title_thumbnail_20131015213820_t83x90.jpg","완결","일반"
"546625","완결","story/drama","동네변호사 조들호 시즌1","해츨링","http://thumb.comic.naver.net/webtoon/546625/thumbnail/title_thumbnail_20130306103553_t83x90.jpg","완결","일반"
"597449","완결","story/sensibility","샌프란시스코 화랑관","돌배","http://thumb.comic.naver.net/webtoon/597449/thumbnail/title_thumbnail_20131029164457_t83x90.jpg","완결","일반"
"243316","완결","story/comic/drama","러브슬립","오창호","http://thumb.comic.naver.net/webtoon/243316/thumbnail/title_thumbnail_20101014112051_t83x90.jpg","완결","일반"
"72939","완결","story/fantasy/action","개판","현욱","http://thumb.comic.naver.net/webtoon/72939/thumbnail/title_thumbnail_20100928201822_t83x90.jpg","완결","일반"
"169082","완결","story/fantasy","키스우드","안성호","http://thumb.comic.naver.net/webtoon/169082/thumbnail/title_thumbnail_20100527153219_t83x90.jpg","완결","일반"
"186812","완결","story/thrill","살인자o난감","꼬마비 / 노마비","http://thumb.comic.naver.net/webtoon/186812/thumbnail/title_thumbnail_20140412130457_t83x90.jpg","완결","일반"
"24531","완결","story/drama/sports","GM","최훈","http://thumb.comic.naver.net/webtoon/24531/thumbnail/thumbnail_title_24531_83x90.gif","완결","일반"
"622643","fri","story/pure/sensibility","진눈깨비 소년","쥬드프라이데이","http://thumb.comic.naver.net/webtoon/622643/thumbnail/title_thumbnail_20160719191308_t83x90.jpg","미완결","일반"
"24995","완결","story/drama/pure","세개의시간","노란구미","http://thumb.comic.naver.net/webtoon/24995/thumbnail/title_thumbnail_20100601191601_t83x90.jpg","완결","일반"
"186813","완결","story/thrill","증거","이승찬","http://thumb.comic.naver.net/webtoon/186813/thumbnail/title_thumbnail_20140412122221_t83x90.jpg","완결","일반"
"622639","완결","story/comic/drama","헬로 미스터 테디","아지","http://thumb.comic.naver.net/webtoon/622639/thumbnail/title_thumbnail_20140507182416_t83x90.jpg","완결","일반"
"226806","완결","story/fantasy","테제","김은효 / 김영지","http://thumb.comic.naver.net/webtoon/226806/thumbnail/title_thumbnail_20100906152403_t83x90.jpg","완결","일반"
"148778","완결","story/comic","야! 오이","랑또","http://thumb.comic.naver.net/webtoon/148778/thumbnail/title_thumbnail_20100329121320_t83x90.jpg","완결","일반"
"400736","완결","story/fantasy/thrill","초록인간","태발","http://thumb.comic.naver.net/webtoon/400736/thumbnail/title_thumbnail_20140412125737_t83x90.jpg","완결","일반"
"24525","완결","story/daily/comic","탐구생활2","메가쑈킹","http://thumb.comic.naver.net/webtoon/24525/thumbnail/thumbnail_title_24525_83x90.gif","완결","일반"
"51006","완결","story/fantasy/pure","은하연인전","전광철","http://thumb.comic.naver.net/webtoon/51006/thumbnail/title_thumbnail_20081106172351_t83x90.jpg","완결","일반"
"460688","완결","story/fantasy/thrill","노네임드(NoNameD)","문지현","http://thumb.comic.naver.net/webtoon/460688/thumbnail/title_thumbnail_20130531103933_t83x90.jpg","완결","일반"
"389845","완결","story/pure","블라인드 메르헨","윤현석 / 연우","http://thumb.comic.naver.net/webtoon/389845/thumbnail/title_thumbnail_20110927111413_t83x90.jpg","완결","일반"
"471181","완결","story/action","기사도","환쟁이","http://thumb.comic.naver.net/webtoon/471181/thumbnail/title_thumbnail_20120502144817_t83x90.jpg","완결","일반"
"63129","완결","story/pure","보톡스","황미나","http://thumb.comic.naver.net/webtoon/63129/thumbnail/title_thumbnail_20090327122336_t83x90.jpg","완결","일반"
"147175","완결","story/drama/pure","거상 김만덕","신지상 / 오은지","http://thumb.comic.naver.net/webtoon/147175/thumbnail/title_thumbnail_20100322122118_t83x90.jpg","완결","일반"
"602922","완결","story/drama","송곳 1~3부","최규석","http://thumb.comic.naver.net/webtoon/602922/thumbnail/title_thumbnail_20141006234108_t83x90.jpg","완결","일반"
"308751","완결","story/comic","잉잉잉","황준호 / 수연","http://thumb.comic.naver.net/webtoon/308751/thumbnail/title_thumbnail_20110303153002_t83x90.jpg","완결","일반"
"205528","완결","story/fantasy","굿모닝 스페이스","이수정","http://thumb.comic.naver.net/webtoon/205528/thumbnail/title_thumbnail_20100806155210_t83x90.jpg","완결","일반"
"400741","완결","story/fantasy","카오스어택","맛스타","http://thumb.comic.naver.net/webtoon/400741/thumbnail/title_thumbnail_20111104175724_t83x90.jpg","완결","일반"
"557678","완결","story/fantasy/thrill","그날의 생존자들","김선권","http://thumb.comic.naver.net/webtoon/557678/thumbnail/title_thumbnail_20130513173003_t83x90.jpg","완결","스마트툰"
"317365","완결","story/daily","고시생툰","seri","http://thumb.comic.naver.net/webtoon/317365/thumbnail/title_thumbnail_20111205112214_t83x90.jpg","완결","일반"
"25913","완결","story/pure","크레이지 커피 캣","엄재경 / 최경아","http://thumb.comic.naver.net/webtoon/25913/thumbnail/thumbnail_title_25913_83x90.gif","완결","일반"
"94761","완결","story/drama","소설가J","오성대","http://thumb.comic.naver.net/webtoon/94761/thumbnail/title_thumbnail_20091029103605_t83x90.jpg","완결","일반"
"622638","완결","story/fantasy/drama","섀도우","유느지 / 해진","http://thumb.comic.naver.net/webtoon/622638/thumbnail/title_thumbnail_20140502105502_t83x90.jpg","완결","일반"
"471286","완결","story/comic/action","키드갱 시즌2","신영우","http://thumb.comic.naver.net/webtoon/471286/thumbnail/title_thumbnail_20120510160815_t83x90.jpg","완결","일반"
"524353","완결","story/comic","경운기를 탄 왕자님","무적핑크","http://thumb.comic.naver.net/webtoon/524353/thumbnail/title_thumbnail_20121227191833_t83x90.jpg","완결","스마트툰"
"647948","완결","story/drama/pure","프린세스 5부","한승원","http://thumb.comic.naver.net/webtoon/647948/thumbnail/title_thumbnail_20150209190338_t83x90.jpg","완결","일반"
"268859","완결","story/action/drama","지원","한(恨)","http://thumb.comic.naver.net/webtoon/268859/thumbnail/title_thumbnail_20101213134328_t83x90.jpg","완결","일반"
"495498","완결","story/comic/drama","빵점동맹","마사토끼 / jo..","http://thumb.comic.naver.net/webtoon/495498/thumbnail/title_thumbnail_20120816152437_t83x90.jpg","완결","일반"
"325630","완결","story/fantasy/drama","기태류","배드이리","http://thumb.comic.naver.net/webtoon/325630/thumbnail/title_thumbnail_20130506115454_t83x90.jpg","완결","일반"
"259893","완결","story/fantasy","소년전[Limit]","라디야","http://thumb.comic.naver.net/webtoon/259893/thumbnail/title_thumbnail_20110420185853_t83x90.jpg","완결","일반"
"528782","완결","story/drama","사랑을 연기하다","김작가 / 유성연","http://thumb.comic.naver.net/webtoon/528782/thumbnail/title_thumbnail_20130104163621_t83x90.jpg","완결","일반"
"113587","완결","story/historical","권번기생 비밀의 기억","조원행","http://thumb.comic.naver.net/webtoon/113587/thumbnail/title_thumbnail_20091229142537_t83x90.jpg","완결","일반"
"557673","완결","story/daily/drama/sensibility","수업시간그녀","박수봉","http://thumb.comic.naver.net/webtoon/557673/thumbnail/title_thumbnail_20130509182840_t83x90.jpg","완결","일반"
"316909","완결","story/fantasy","그 판타지 세계에서 사는 법","촌장","http://thumb.comic.naver.net/webtoon/316909/thumbnail/title_thumbnail_20140711170904_t83x90.jpg","완결","일반"
"521504","완결","story/comic","모던패밀리","외눈박이 / 시현","http://thumb.comic.naver.net/webtoon/521504/thumbnail/title_thumbnail_20121206164435_t83x90.jpg","완결","스마트툰"
"514917","완결","story/comic","나의 목소리를 들어라","이현민","http://thumb.comic.naver.net/webtoon/514917/thumbnail/title_thumbnail_20121105143329_t83x90.jpg","완결","일반"
"137706","완결","story/thrill","의령수","김우준","http://thumb.comic.naver.net/webtoon/137706/thumbnail/title_thumbnail_20140412130005_t83x90.jpg","완결","일반"
"628876","완결","story/drama/thrill","나는 너를 보았다","모래인간 / 티오비","http://thumb.comic.naver.net/webtoon/628876/thumbnail/title_thumbnail_20140708190659_t83x90.jpg","완결","일반"
"658823","완결","story/historical","천국의 신화","이현세","http://thumb.comic.naver.net/webtoon/658823/thumbnail/title_thumbnail_20150715120048_t83x90.jpg","완결","일반"
"144956","완결","story/comic","와일드와일드워커스","김진태","http://thumb.comic.naver.net/webtoon/144956/thumbnail/title_thumbnail_20100312121545_t83x90.jpg","완결","일반"
"317362","완결","story/drama","다욤이의 다이어트 다이어리","아키, 심윤수 /..","http://thumb.comic.naver.net/webtoon/317362/thumbnail/title_thumbnail_20110401161237_t83x90.jpg","완결","일반"
"387517","완결","story/comic/drama","나란의사 그런의사","유성연","http://thumb.comic.naver.net/webtoon/387517/thumbnail/title_thumbnail_20110930202527_t83x90.jpg","완결","일반"
"551647","완결","story/action","킥","강냉이","http://thumb.comic.naver.net/webtoon/551647/thumbnail/title_thumbnail_20130415162245_t83x90.jpg","완결","일반"
"407142","완결","story/thrill","연 시즌2","구아바","http://thumb.comic.naver.net/webtoon/407142/thumbnail/title_thumbnail_20120529152102_t83x90.jpg","완결","일반"
"26440","완결","story/fantasy","반지의제왕","이문희","http://thumb.comic.naver.net/webtoon/26440/thumbnail/thumbnail_title_26440_83x90.gif","완결","일반"
"608265","완결","story/comic/drama","질풍기획 시즌2","이현민","http://thumb.comic.naver.net/webtoon/608265/thumbnail/title_thumbnail_20140117174108_t83x90.jpg","완결","일반"
"570505","완결","story/drama/historical","아이소포스","김양수 / 도가도","http://thumb.comic.naver.net/webtoon/570505/thumbnail/title_thumbnail_20141118184158_t83x90.jpg","완결","일반"
"105533","완결","story/fantasy","커피우유신화","마사토끼 / jo..","http://thumb.comic.naver.net/webtoon/105533/thumbnail/title_thumbnail_20110406105148_t83x90.jpg","완결","일반"
"652403","완결","story/daily/pure/sensibility","올해의 벚꽃도 함께","박수봉","http://thumb.comic.naver.net/webtoon/652403/thumbnail/title_thumbnail_20150406152052_t83x90.jpg","완결","일반"
"258206","완결","story/fantasy/thrill","LOST","정민용","http://thumb.comic.naver.net/webtoon/258206/thumbnail/title_thumbnail_20101115155018_t83x90.jpg","완결","일반"
"507276","완결","story/fantasy/drama","그녀는 흡!혈귀","정성완","http://thumb.comic.naver.net/webtoon/507276/thumbnail/title_thumbnail_20120927160516_t83x90.jpg","완결","일반"
"500943","완결","story/thrill","새벽9시","서재일","http://thumb.comic.naver.net/webtoon/500943/thumbnail/title_thumbnail_20120831234444_t83x90.jpg","완결","일반"
"414612","완결","story/daily/drama","꽃밭에솔","209","http://thumb.comic.naver.net/webtoon/414612/thumbnail/title_thumbnail_20111202163517_t83x90.jpg","완결","일반"
"597480","완결","story/drama/pure","스튜디오 짭쪼롬","오묘","http://thumb.comic.naver.net/webtoon/597480/thumbnail/title_thumbnail_20131031175416_t83x90.jpg","완결","일반"
"72499","완결","story/drama/historical","흐드러지다","연제원","http://thumb.comic.naver.net/webtoon/72499/thumbnail/title_thumbnail_20141020141429_t83x90.jpg","완결","일반"
"308801","완결","story/drama","봄이여 오라","샐비","http://thumb.comic.naver.net/webtoon/308801/thumbnail/title_thumbnail_20110311002913_t83x90.jpg","완결","일반"
"639080","완결","story/drama/pure","영수의 봄","이윤희","http://thumb.comic.naver.net/webtoon/639080/thumbnail/title_thumbnail_20141022222807_t83x90.jpg","완결","일반"
"520599","완결","story/action","진진돌이 제로","윤종문","http://thumb.comic.naver.net/webtoon/520599/thumbnail/title_thumbnail_20121206164138_t83x90.jpg","완결","일반"
"72938","완결","story/sensibility","그린스마일","권혁주","http://thumb.comic.naver.net/webtoon/72938/thumbnail/title_thumbnail_20090630171514_t83x90.jpg","완결","일반"
"579414","완결","story/daily/drama","은주의 방","노란구미","http://thumb.comic.naver.net/webtoon/579414/thumbnail/title_thumbnail_20130809224218_t83x90.jpg","완결","일반"
"520600","완결","story/action","인형의 기사","신의철 / 손두락","http://thumb.comic.naver.net/webtoon/520600/thumbnail/title_thumbnail_20140412122612_t83x90.jpg","완결","일반"
"675474","완결","story/fantasy/historical","아이소포스 3부","김양수 / 도가도","http://thumb.comic.naver.net/webtoon/675474/thumbnail/title_thumbnail_20160303155609_t83x90.jpg","완결","일반"
"592721","완결","story/thrill","죄의 파편","이승찬","http://thumb.comic.naver.net/webtoon/592721/thumbnail/title_thumbnail_20131016153628_t83x90.jpg","완결","일반"
"310617","완결","story/comic","영웅열공전","김진태","http://thumb.comic.naver.net/webtoon/310617/thumbnail/title_thumbnail_20110310163720_t83x90.jpg","완결","일반"
"460689","완결","story/drama","기타맨","손규호","http://thumb.comic.naver.net/webtoon/460689/thumbnail/title_thumbnail_20130614180616_t83x90.jpg","완결","일반"
"374973","완결","story/drama/historical","문아","팬마","http://thumb.comic.naver.net/webtoon/374973/thumbnail/title_thumbnail_20150522161643_t83x90.jpg","완결","일반"
"570502","완결","story/daily/drama/sensibility","아이들은 즐겁다","허5파6","http://thumb.comic.naver.net/webtoon/570502/thumbnail/title_thumbnail_20130708190215_t83x90.jpg","완결","일반"
"669357","완결","story/drama","해피","박설화","http://thumb.comic.naver.net/webtoon/669357/thumbnail/title_thumbnail_20151217155836_t83x90.jpg","완결","일반"
"26086","완결","story/drama","심장이뛰다","백희정","http://thumb.comic.naver.net/webtoon/26086/thumbnail/thumbnail_title_26086_83x90.gif","완결","일반"
"440244","완결","story/fantasy","제페토","연제원","http://thumb.comic.naver.net/webtoon/440244/thumbnail/title_thumbnail_20141015190049_t83x90.jpg","완결","일반"
"254132","완결","story/fantasy","옆집화랑","최남새","http://thumb.comic.naver.net/webtoon/254132/thumbnail/title_thumbnail_20111028164846_t83x90.jpg","완결","일반"
"284940","완결","story/comic/fantasy","요리대마왕","랑또","http://thumb.comic.naver.net/webtoon/284940/thumbnail/title_thumbnail_20110113154105_t83x90.jpg","완결","일반"
"113585","완결","story/drama","원미동 백수","노혜정 / 풍경","http://thumb.comic.naver.net/webtoon/113585/thumbnail/title_thumbnail_20091230115321_t83x90.jpg","완결","일반"
"160461","완결","story/pure","뜨거운 것이 좋아.","고민정","http://thumb.comic.naver.net/webtoon/160461/thumbnail/title_thumbnail_20110801230833_t83x90.jpg","완결","일반"
"602930","완결","story/drama","너와 너 사이","오지혜","http://thumb.comic.naver.net/webtoon/602930/thumbnail/title_thumbnail_20131203212248_t83x90.jpg","완결","일반"
"462900","완결","story/fantasy/drama","한줌물망초","혜진양","http://thumb.comic.naver.net/webtoon/462900/thumbnail/title_thumbnail_20140123145234_t83x90.jpg","완결","일반"
"557674","완결","story/drama","미선 임파서블","이수민","http://thumb.comic.naver.net/webtoon/557674/thumbnail/title_thumbnail_20130510212941_t83x90.jpg","완결","일반"
"632705","완결","story/thrill","딥(DEEP)","토우 / 김태헌","http://thumb.comic.naver.net/webtoon/632705/thumbnail/title_thumbnail_20140824234953_t83x90.jpg","완결","일반"
"440447","완결","story/fantasy/drama","wish-마녀의 시간","한송이","http://thumb.comic.naver.net/webtoon/440447/thumbnail/title_thumbnail_20120131144730_t83x90.jpg","완결","일반"
"26671","완결","story/pure","레드초콜릿","정기림 / 편현아","http://thumb.comic.naver.net/webtoon/26671/thumbnail/thumbnail_title_26671_83x90.gif","완결","일반"
"613933","완결","story/drama/pure","운빨로맨스","김달님","http://thumb.comic.naver.net/webtoon/613933/thumbnail/title_thumbnail_20140213172032_t83x90.jpg","완결","일반"
"336944","완결","story/comic/drama","오란씨100","박민경","http://thumb.comic.naver.net/webtoon/336944/thumbnail/title_thumbnail_20110602153026_t83x90.jpg","완결","일반"
"259937","완결","story/fantasy/drama","별의 유언","후은","http://thumb.comic.naver.net/webtoon/259937/thumbnail/title_thumbnail_20111010155801_t83x90.jpg","완결","일반"
"26431","완결","story","창위의일루젼","시우","http://thumb.comic.naver.net/webtoon/26431/thumbnail/thumbnail_title_26431_83x90.gif","완결","일반"
"374970","완결","story/drama","얼룩말","자유","http://thumb.comic.naver.net/webtoon/374970/thumbnail/title_thumbnail_20110906174605_t83x90.jpg","완결","일반"
"517252","완결","story/fantasy","스페이스 킹","박성용","http://thumb.comic.naver.net/webtoon/517252/thumbnail/title_thumbnail_20140502193131_t83x90.jpg","완결","스마트툰"
"69297","완결","story/fantasy","번개기동대 2009","박성진 / 임성훈","http://thumb.comic.naver.net/webtoon/69297/thumbnail/title_thumbnail_20090602141926_t83x90.jpg","완결","일반"
"452117","완결","story/comic","미숙한 친구는 G구인","최삡뺩","http://thumb.comic.naver.net/webtoon/452117/thumbnail/title_thumbnail_20120228151857_t83x90.jpg","완결","일반"
"604146","완결","story/drama","모디파이","임달영 / 이수현","http://thumb.comic.naver.net/webtoon/604146/thumbnail/title_thumbnail_20131213110528_t83x90.jpg","완결","일반"
"70045","완결","story/drama","TLT season2","김정기 / 박성진","http://thumb.comic.naver.net/webtoon/70045/thumbnail/title_thumbnail_20090604165904_t83x90.jpg","완결","일반"
"612767","완결","story/fantasy/action","블랙시저스","유령","http://thumb.comic.naver.net/webtoon/612767/thumbnail/title_thumbnail_20150522163103_t83x90.jpg","완결","일반"
"619329","완결","story/drama/historical","페르샤 시즌2","진선규","http://thumb.comic.naver.net/webtoon/619329/thumbnail/title_thumbnail_20140829224659_t83x90.jpg","완결","일반"
"150387","완결","story/drama/pure","바이올린처럼.","김윤주","http://thumb.comic.naver.net/webtoon/150387/thumbnail/title_thumbnail_20100331141457_t83x90.jpg","완결","일반"
"96908","완결","story/historical","삵의 발톱","손영완","http://thumb.comic.naver.net/webtoon/96908/thumbnail/title_thumbnail_20111208164505_t83x90.jpg","완결","일반"
"492659","완결","story/pure","사랑일까?","남지은 / 김인호","http://thumb.comic.naver.net/webtoon/492659/thumbnail/title_thumbnail_20120731124251_t83x90.jpg","완결","일반"
"58293","완결","story/drama","가족사진","정병식","http://thumb.comic.naver.net/webtoon/58293/thumbnail/title_thumbnail_20090203124749_t83x90.jpg","완결","일반"
"530311","완결","story/drama","코끼리를 끌어안는 방법","백희정","http://thumb.comic.naver.net/webtoon/530311/thumbnail/title_thumbnail_20130111134605_t83x90.jpg","완결","일반"
"70920","완결","story/fantasy","로봇빠찌","김상욱","http://thumb.comic.naver.net/webtoon/70920/thumbnail/title_thumbnail_20090612163456_t83x90.jpg","완결","일반"
"300957","완결","story/drama","까치우는 날","누비","http://thumb.comic.naver.net/webtoon/300957/thumbnail/title_thumbnail_20110217111426_t83x90.jpg","완결","일반"
"563787","완결","story/fantasy/thrill","피리부는 남자","박찬호 / 차용운","http://thumb.comic.naver.net/webtoon/563787/thumbnail/title_thumbnail_20140129113907_t83x90.jpg","완결","일반"
"546623","완결","story/fantasy/historical","페르샤","진선규","http://thumb.comic.naver.net/webtoon/546623/thumbnail/title_thumbnail_20130306104222_t83x90.jpg","완결","일반"
"301378","완결","story/comic/fantasy","롤랑 수도원 사건일지","이윤희 / 옥새롬","http://thumb.comic.naver.net/webtoon/301378/thumbnail/title_thumbnail_20110217182135_t83x90.jpg","완결","일반"
"206149","완결","story/drama","유토피아","늑대삼","http://thumb.comic.naver.net/webtoon/206149/thumbnail/title_thumbnail_20100809145112_t83x90.jpg","완결","일반"
"337962","완결","story/drama","오늘의 낭만부","억수씨","http://thumb.comic.naver.net/webtoon/337962/thumbnail/title_thumbnail_20110603154242_t83x90.jpg","완결","일반"
"58219","완결","story/drama","연옥님이 보고계셔","억수씨","http://thumb.comic.naver.net/webtoon/58219/thumbnail/title_thumbnail_20090202180330_t83x90.jpg","완결","일반"
"563784","완결","story/fantasy/action","뱀파이어","오세형","http://thumb.comic.naver.net/webtoon/563784/thumbnail/title_thumbnail_20140303165431_t83x90.jpg","완결","일반"
"316913","완결","story/drama","봉봉오쇼콜라","오성대","http://thumb.comic.naver.net/webtoon/316913/thumbnail/title_thumbnail_20111020103056_t83x90.jpg","완결","일반"
"551648","완결","story/drama/historical","오성X한음","유승진","http://thumb.comic.naver.net/webtoon/551648/thumbnail/title_thumbnail_20140410153255_t83x90.jpg","완결","일반"
"528784","완결","story/comic","맛집남녀","츄플엣지","http://thumb.comic.naver.net/webtoon/528784/thumbnail/title_thumbnail_20130108172315_t83x90.jpg","완결","스마트툰"
"629055","완결","story/comic/drama","불만시대","김8","http://thumb.comic.naver.net/webtoon/629055/thumbnail/title_thumbnail_20141229173234_t83x90.jpg","완결","일반"
"297796","완결","story/comic/drama","사랑의 아쿠아리움","TGM / 린다","http://thumb.comic.naver.net/webtoon/297796/thumbnail/title_thumbnail_20111010004118_t83x90.jpg","완결","일반"
"26084","완결","story/fantasy/drama","열쇠줍는아이","최윤진","http://thumb.comic.naver.net/webtoon/26084/thumbnail/title_thumbnail_20160406171559_t83x90.jpg","완결","일반"
"579417","완결","story/fantasy","판타지스케치 - 더 게임","엄재경 / 천범식","http://thumb.comic.naver.net/webtoon/579417/thumbnail/title_thumbnail_20130813195858_t83x90.jpg","완결","스마트툰"
"57875","완결","story/comic/drama","슈퍼트리오","황미나","http://thumb.comic.naver.net/webtoon/57875/thumbnail/title_thumbnail_20090130153621_t83x90.jpg","완결","일반"
"641580","완결","story/fantasy/thrill","일사부재리","김신비 / 정은","http://thumb.comic.naver.net/webtoon/641580/thumbnail/title_thumbnail_20150409023015_t83x90.jpg","완결","일반"
"546620","완결","story/drama","바람의 색","재아 / 임광묵","http://thumb.comic.naver.net/webtoon/546620/thumbnail/title_thumbnail_20130305211002_t83x90.jpg","완결","일반"
"579416","완결","story/fantasy/thrill","리즌","이익수","http://thumb.comic.naver.net/webtoon/579416/thumbnail/title_thumbnail_20130814201434_t83x90.jpg","완결","일반"
"67340","완결","story/sports","번데기스","김경호","http://thumb.comic.naver.net/webtoon/67340/thumbnail/title_thumbnail_20090512141237_t83x90.jpg","완결","일반"
"511454","완결","story/comic","우주전함 몰라몰라","고리타","http://thumb.comic.naver.net/webtoon/511454/thumbnail/title_thumbnail_20121017231455_t83x90.jpg","완결","일반"
"578109","완결","story/pure","러브슬립 2부","오창호","http://thumb.comic.naver.net/webtoon/578109/thumbnail/title_thumbnail_20130805180837_t83x90.jpg","완결","스마트툰"
"301377","완결","story/sports","뷰티플 게임","박능출 / 박준규","http://thumb.comic.naver.net/webtoon/301377/thumbnail/title_thumbnail_20110217111508_t83x90.jpg","완결","일반"
"113582","완결","story/historical","므시미르","김태형,백재환","http://thumb.comic.naver.net/webtoon/113582/thumbnail/title_thumbnail_20091230113148_t83x90.jpg","완결","일반"
"578106","완결","story/drama/sensibility","소나기야","와루","http://thumb.comic.naver.net/webtoon/578106/thumbnail/title_thumbnail_20130802150008_t83x90.jpg","완결","일반"
"113584","완결","story/drama/historical","반월","judys / R..","http://thumb.comic.naver.net/webtoon/113584/thumbnail/title_thumbnail_20091229142404_t83x90.jpg","완결","일반"
"622647","완결","story/comic/fantasy/drama","출격! 반보트","TGM / 린다","http://thumb.comic.naver.net/webtoon/622647/thumbnail/title_thumbnail_20140520142157_t83x90.jpg","완결","일반"
"570504","완결","story/drama/pure","열무가 익어간다","박민경","http://thumb.comic.naver.net/webtoon/570504/thumbnail/title_thumbnail_20130712191607_t83x90.jpg","완결","일반"
"277235","완결","story/drama/sports","리턴","송래현","http://thumb.comic.naver.net/webtoon/277235/thumbnail/title_thumbnail_20101229120113_t83x90.jpg","완결","일반"
"400735","완결","story/drama/historical","한섬세대","유승진","http://thumb.comic.naver.net/webtoon/400735/thumbnail/title_thumbnail_20111102095721_t83x90.jpg","완결","일반"
"602916","완결","story/historical","칼부림","고일권","http://thumb.comic.naver.net/webtoon/602916/thumbnail/title_thumbnail_20150724192010_t83x90.jpg","완결","일반"
"643607","완결","story/pure","한국만화거장전 : 순정만화특집","한국만화가협회","http://thumb.comic.naver.net/webtoon/643607/thumbnail/title_thumbnail_20141223153822_t83x90.jpg","완결","일반"
"546626","완결","story/drama/pure/sensibility","새와 같이","후은","http://thumb.comic.naver.net/webtoon/546626/thumbnail/title_thumbnail_20130722170225_t83x90.JPG","완결","일반"
"608259","완결","story/drama/thrill","레드카펫","임진국","http://thumb.comic.naver.net/webtoon/608259/thumbnail/title_thumbnail_20140412113712_t83x90.jpg","완결","스마트툰"
"626946","완결","story/fantasy/thrill","버퍼링","최홍준","http://thumb.comic.naver.net/webtoon/626946/thumbnail/title_thumbnail_20140613111759_t83x90.jpg","완결","일반"
"452116","완결","story/drama/pure","MY OH","박카린","http://thumb.comic.naver.net/webtoon/452116/thumbnail/title_thumbnail_20140903232246_t83x90.jpg","완결","일반"
"325631","완결","story/fantasy","시간의 섬","이아","http://thumb.comic.naver.net/webtoon/325631/thumbnail/title_thumbnail_20130504005813_t83x90.jpg","완결","일반"
"515883","완결","story/fantasy/drama","사또(Satto)","최윤진","http://thumb.comic.naver.net/webtoon/515883/thumbnail/title_thumbnail_20151130174520_t83x90.jpg","완결","스마트툰"
"140444","완결","story/drama","콘스탄쯔 이야기","김민정","http://thumb.comic.naver.net/webtoon/140444/thumbnail/title_thumbnail_20100225153651_t83x90.jpg","완결","일반"
"113588","완결","story/historical","고인돌나라의 야물","김병수 / 김정수","http://thumb.comic.naver.net/webtoon/113588/thumbnail/title_thumbnail_20091229142837_t83x90.jpg","완결","일반"
"528781","완결","story/drama","기적! 우리에게 일어난 일들","태발","http://thumb.comic.naver.net/webtoon/528781/thumbnail/title_thumbnail_20130104163021_t83x90.jpg","완결","일반"
"113581","완결","story/drama/historical","제주구슬할망","이하림,김병관 /..","http://thumb.comic.naver.net/webtoon/113581/thumbnail/title_thumbnail_20091229141558_t83x90.jpg","완결","일반"
"423392","완결","story/fantasy/drama","좀비를 위한 나라는 없다","모래인간","http://thumb.comic.naver.net/webtoon/423392/thumbnail/title_thumbnail_20140412140153_t83x90.jpg","완결","일반"
"169081","완결","story/fantasy/drama","단군할배요","호연","http://thumb.comic.naver.net/webtoon/169081/thumbnail/title_thumbnail_20100527153006_t83x90.jpg","완결","일반"
"423377","완결","story/fantasy/drama","월남특급","김혜원","http://thumb.comic.naver.net/webtoon/423377/thumbnail/title_thumbnail_20120203112710_t83x90.jpg","완결","일반"
"537991","완결","story/fantasy/drama","사랑의 외계인","김이랑","http://thumb.comic.naver.net/webtoon/537991/thumbnail/title_thumbnail_20131012230838_t83x90.jpg","완결","일반"
"63453","완결","story/drama/historical","묵회","한나","http://thumb.comic.naver.net/webtoon/63453/thumbnail/title_thumbnail_20090807192242_t83x90.jpg","완결","일반"
"570696","완결","story/drama/pure","우리의 이상한 여행","최경아","http://thumb.comic.naver.net/webtoon/570696/thumbnail/title_thumbnail_20130709171240_t83x90.jpg","완결","스마트툰"
"607486","완결","story/drama","미결","꼬마비","http://thumb.comic.naver.net/webtoon/607486/thumbnail/title_thumbnail_20140824234111_t83x90.jpg","완결","일반"
"316908","완결","story/sensibility","멍순이","김달님","http://thumb.comic.naver.net/webtoon/316908/thumbnail/title_thumbnail_20110401160012_t83x90.jpg","완결","일반"
"274400","완결","story/thrill","혜성같은 소년","한혜연","http://thumb.comic.naver.net/webtoon/274400/thumbnail/title_thumbnail_20101221154400_t83x90.jpg","완결","일반"
"626938","완결","story/drama/pure","프린세스 1~4부","한승원","http://thumb.comic.naver.net/webtoon/626938/thumbnail/title_thumbnail_20140609192602_t83x90.gif","완결","일반"
"502673","완결","story/fantasy","파라다이스","황미나","http://thumb.comic.naver.net/webtoon/502673/thumbnail/title_thumbnail_20120910141559_t83x90.jpg","완결","일반"
"260510","완결","story/fantasy/drama","MODERN BOYS","기린","http://thumb.comic.naver.net/webtoon/260510/thumbnail/title_thumbnail_20101118182940_t83x90.jpg","완결","일반"
"258207","완결","story/drama","그런지","김이랑","http://thumb.comic.naver.net/webtoon/258207/thumbnail/title_thumbnail_20101115195425_t83x90.jpg","완결","일반"
"423376","완결","story/daily/drama","비바 산티아고","김용진","http://thumb.comic.naver.net/webtoon/423376/thumbnail/title_thumbnail_20120106161923_t83x90.jpg","완결","일반"
"113586","완결","story/drama","황금짱순이","장현필 / 탁영호","http://thumb.comic.naver.net/webtoon/113586/thumbnail/title_thumbnail_20091230115023_t83x90.jpg","완결","일반"
"336945","완결","story/drama/sensibility","길에서 만나다","쥬드 프라이데이","http://thumb.comic.naver.net/webtoon/336945/thumbnail/title_thumbnail_20110603170456_t83x90.jpg","완결","일반"
"347685","완결","story/comic/drama","슈퍼트리오 시즌2","황미나","http://thumb.comic.naver.net/webtoon/347685/thumbnail/title_thumbnail_20110701203711_t83x90.jpg","완결","일반"
